Con,ProAd,Lang,Nar,rater,essayId
4,4,3,3,1,1
2,2,4,3,1,2
4,4,4,4,1,3
3,2,4,4,1,4
4,4,4,4,1,5
1,1,1,2,1,6
1,1,1,1,1,7
2,2,4,4,1,8
4,4,4,4,1,9
3,3,4,2,1,10
4,4,4,4,1,11
3,4,4,4,1,12
4,4,4,4,1,13
4,4,4,4,1,14
4,4,4,4,1,15
4,4,4,4,1,16
3,3,4,4,1,17
1,1,1,1,1,18
4,4,4,4,1,19
4,4,3,3,1,20
4,4,4,4,1,21
3,3,4,3,1,22
4,4,4,3,1,23
4,4,4,4,1,24
4,4,4,3,1,25
2,3,2,2,1,26
1,1,1,1,1,27
3,3,3,3,1,28
4,3,4,4,1,29
3,3,3,3,1,30
4,3,3,3,1,31
2,2,2,2,1,32
2,2,4,3,1,33
4,4,4,4,1,34
1,1,1,1,1,35
3,3,4,4,1,36
3,3,4,3,1,37
4,4,4,4,1,38
3,3,4,3,1,39
4,4,4,3,1,40
3,3,3,3,1,41
3,3,4,3,1,42
3,3,4,3,1,43
4,3,4,4,1,44
4,3,4,4,1,45
1,2,2,2,1,46
2,2,4,4,1,47
3,3,4,3,1,48
1,1,2,2,1,49
2,2,2,3,1,50
3,3,4,4,1,51
4,4,3,3,1,52
4,4,4,4,1,53
2,2,3,2,1,54
4,4,4,4,1,55
4,4,4,4,1,56
2,2,4,4,1,57
3,3,4,4,1,58
3,3,4,3,1,59
3,3,3,3,1,60
4,4,4,4,1,61
4,4,4,4,1,62
4,4,4,4,1,63
3,2,4,4,1,64
2,1,2,2,1,65
4,3,3,3,1,66
2,2,3,3,1,67
2,2,4,4,1,68
4,4,4,3,1,69
2,2,4,4,1,70
4,4,4,4,1,71
3,3,4,3,1,72
1,1,2,2,1,73
4,4,4,4,1,74
4,4,4,4,1,75
3,3,4,4,1,76
4,4,4,4,1,77
4,4,4,4,1,78
3,3,4,4,1,79
2,2,4,4,1,80
4,4,4,4,1,81
4,4,4,4,1,82
2,2,2,2,1,83
2,2,2,2,1,84
3,3,4,4,1,85
2,2,4,4,1,86
2,2,3,3,1,87
4,4,4,4,1,88
4,4,4,4,1,89
3,3,4,4,1,90
1,1,2,2,1,91
3,3,3,3,1,92
4,3,3,3,1,93
2,2,3,3,1,94
2,2,3,2,1,95
4,4,3,2,1,96
3,3,3,3,1,97
4,4,4,4,1,98
3,4,4,4,1,99
4,4,4,4,1,100
3,3,3,4,1,101
2,2,4,3,1,102
2,2,3,2,1,103
4,3,3,3,1,104
3,2,2,2,1,105
3,3,3,3,1,106
3,3,3,3,1,107
1,1,2,2,1,108
4,4,4,4,1,109
2,2,2,2,1,110
4,4,4,4,1,111
2,2,3,2,1,112
4,4,4,4,1,113
4,4,3,4,1,114
4,4,4,4,1,115
1,1,2,1,1,116
4,4,4,4,1,117
1,1,1,1,1,118
4,4,4,4,1,119
4,4,4,4,1,120
4,3,3,3,1,121
1,1,1,1,1,122
3,3,2,2,1,123
4,3,3,3,1,124
3,3,4,3,1,125
3,3,3,3,1,126
3,4,4,2,1,127
1,1,1,2,1,128
4,4,4,4,1,129
3,3,4,3,1,130
3,3,3,3,1,131
3,3,4,4,1,132
3,3,4,4,1,133
3,3,3,3,1,134
2,3,2,2,1,135
2,2,2,2,1,136
4,4,4,4,1,137
3,3,3,3,1,138
3,4,4,4,1,139
4,4,4,4,1,140
3,4,4,3,1,141
4,4,4,3,1,142
3,3,3,3,1,143
2,2,2,2,1,144
2,2,3,2,1,145
2,2,4,3,1,146
3,3,4,4,1,147
2,2,2,2,1,148
3,3,4,4,1,149
4,4,3,3,1,150
4,4,4,4,1,151
2,3,3,2,1,152
3,3,3,3,1,153
1,1,3,3,1,154
4,4,4,4,1,155
1,1,1,1,1,156
4,3,4,4,1,157
3,2,4,4,1,158
3,3,4,4,1,159
3,3,3,3,1,160
4,4,4,4,1,161
2,2,2,2,1,162
2,2,4,3,1,163
3,3,3,3,1,164
1,2,3,2,1,165
1,1,1,1,1,166
4,4,4,4,1,167
1,1,2,2,1,168
1,1,1,1,1,169
3,3,3,3,1,170
2,2,4,4,1,171
2,2,2,2,1,172
4,4,4,4,1,173
1,1,1,1,1,174
2,2,2,2,1,175
3,3,3,3,1,176
3,2,2,2,1,177
3,3,3,3,1,178
2,2,2,2,1,179
4,4,4,4,1,180
2,2,2,2,1,181
2,2,4,3,1,182
3,3,4,4,1,183
4,4,4,4,1,184
4,3,4,3,1,185
2,3,4,3,1,186
4,4,4,4,1,187
4,4,4,4,1,188
4,4,4,4,1,189
1,1,2,2,1,190
4,3,4,4,1,191
3,3,3,3,1,192
4,4,3,3,1,193
3,3,3,3,1,194
4,4,4,4,1,195
1,1,1,1,1,196
3,3,3,3,1,197
3,3,3,3,1,198
4,4,3,3,1,199
2,2,2,2,1,200
3,3,3,3,1,201
1,2,2,2,1,202
3,3,4,4,1,203
4,4,4,4,1,204
4,4,4,4,1,205
4,4,4,4,1,206
3,4,4,4,1,207
3,3,3,3,1,208
4,4,4,4,1,209
3,3,3,2,1,210
4,4,3,3,1,211
3,3,4,3,1,212
2,2,2,2,1,213
1,1,1,1,1,214
4,4,4,4,1,215
4,4,4,4,1,216
4,4,4,4,1,217
3,3,4,4,1,218
2,2,2,2,1,219
1,1,2,2,1,220
4,4,4,4,1,221
3,3,4,3,1,222
3,3,3,3,1,223
4,4,4,4,1,224
4,3,3,3,1,225
4,3,4,4,1,226
1,1,1,1,1,227
4,3,3,3,1,228
4,3,4,3,1,229
2,2,1,1,1,230
1,1,2,2,1,231
3,3,3,3,1,232
3,3,2,2,1,233
1,1,1,1,1,234
3,3,3,3,1,235
3,3,3,3,1,236
2,2,2,2,1,237
4,4,3,3,1,238
3,2,2,2,1,239
3,3,4,4,1,240
3,3,3,3,1,241
1,1,2,2,1,242
4,3,4,3,1,243
3,3,4,3,1,244
2,2,4,4,1,245
4,4,4,4,1,246
4,3,3,3,1,247
3,3,4,4,1,248
3,3,4,3,1,249
4,4,4,3,1,250
4,4,4,3,1,251
2,2,3,2,1,252
3,3,4,4,1,253
1,1,2,2,1,254
4,4,4,4,1,255
2,2,2,2,1,256
2,2,2,2,1,257
1,1,2,2,1,258
4,4,4,4,1,259
4,3,4,4,1,260
3,3,3,3,1,261
4,4,4,3,1,262
4,4,4,4,1,263
4,4,4,4,1,264
2,2,3,2,1,265
3,3,3,3,1,266
3,3,2,2,1,267
2,2,3,2,1,268
4,4,4,3,1,269
4,4,4,4,1,270
2,3,4,2,1,271
2,3,2,2,1,272
2,2,3,3,1,273
1,1,1,1,1,274
4,4,4,3,1,275
2,2,2,2,1,276
3,2,4,4,1,277
3,3,3,3,1,278
4,4,4,4,1,279
4,4,4,4,1,280
1,1,2,2,1,281
3,3,4,3,1,282
4,4,4,4,1,283
2,2,2,2,1,284
4,4,4,4,1,285
4,4,4,4,1,286
3,3,3,3,1,287
4,4,4,3,1,288
4,4,4,3,1,289
4,4,4,4,1,290
4,4,3,3,1,291
1,1,2,1,1,292
4,3,4,3,1,293
2,2,2,2,1,294
3,3,3,2,1,295
3,3,4,4,1,296
3,3,3,3,1,297
4,4,4,4,1,298
1,1,2,2,1,299
4,3,3,3,1,300
1,1,4,2,1,301
4,4,4,4,1,302
1,1,1,1,1,303
2,2,4,3,1,304
3,3,4,4,1,305
4,3,4,3,1,306
2,2,2,2,1,307
2,2,3,2,1,308
3,3,3,3,1,309
3,3,3,3,1,310
3,3,4,4,1,311
1,1,1,1,1,312
2,1,1,1,1,313
4,3,3,3,1,314
3,3,4,4,1,315
3,3,3,3,1,316
3,3,4,3,1,317
4,4,4,4,1,318
3,3,4,3,1,319
4,4,3,3,1,320
4,4,4,3,1,321
3,3,3,3,1,322
2,2,2,2,1,323
3,3,2,3,1,324
3,3,3,3,1,325
2,2,4,3,1,326
2,2,4,2,1,327
3,3,3,3,1,328
1,1,2,2,1,329
1,1,1,1,1,330
2,2,2,2,1,331
3,3,4,4,1,332
3,3,3,3,1,333
2,1,3,2,1,334
1,1,3,2,1,335
2,2,2,2,1,336
2,2,2,2,1,337
3,3,3,3,1,338
2,2,2,2,1,339
3,3,4,3,1,340
3,3,3,3,1,341
4,4,4,4,1,342
1,1,1,1,1,343
4,4,3,3,1,344
2,2,3,2,1,345
1,1,2,2,1,346
4,3,2,2,1,347
2,2,2,2,1,348
3,3,3,3,1,349
2,2,2,2,1,350
2,2,2,2,1,351
2,2,2,2,1,352
3,3,3,3,1,353
4,3,2,2,1,354
3,3,3,3,1,355
4,4,4,4,1,356
2,2,2,2,1,357
1,1,1,1,1,358
2,2,3,2,1,359
2,2,2,2,1,360
2,2,3,2,1,361
4,4,4,4,1,362
2,2,2,2,1,363
3,2,3,3,1,364
3,3,3,2,1,365
3,3,2,2,1,366
2,3,4,4,1,367
4,4,4,4,1,368
2,2,2,2,1,369
2,2,2,2,1,370
2,2,4,3,1,371
4,4,4,4,1,372
4,3,3,3,1,373
3,3,3,3,1,374
3,3,3,3,1,375
4,4,4,3,1,376
3,3,4,3,1,377
4,4,4,4,1,378
1,2,3,2,1,379
4,3,4,3,1,380
4,4,3,3,1,381
4,4,4,4,1,382
4,4,4,4,1,383
4,3,4,3,1,384
4,4,4,4,1,385
4,4,4,4,1,386
2,2,3,2,1,387
3,3,3,3,1,388
2,2,4,4,1,389
4,4,4,4,1,390
2,2,2,2,1,391
3,3,4,3,1,392
4,3,4,3,1,393
1,1,2,2,1,394
2,3,2,2,1,395
4,4,4,4,1,396
4,4,4,4,1,397
4,3,4,4,1,398
4,4,4,4,1,399
2,2,2,2,1,400
2,2,3,2,1,401
1,1,1,1,1,402
3,3,3,3,1,403
2,2,3,3,1,404
1,1,1,1,1,405
4,4,4,4,1,406
3,3,3,3,1,407
3,3,4,3,1,408
2,2,3,2,1,409
1,1,2,1,1,410
2,2,4,3,1,411
2,2,3,2,1,412
3,3,3,3,1,413
3,2,2,2,1,414
3,3,2,2,1,415
3,3,3,3,1,416
3,3,3,3,1,417
2,2,2,2,1,418
4,4,4,4,1,419
4,3,3,3,1,420
1,1,2,2,1,421
4,3,3,3,1,422
3,3,3,3,1,423
3,3,3,2,1,424
4,4,4,3,1,425
4,3,4,3,1,426
3,3,3,3,1,427
2,2,3,3,1,428
2,2,1,2,1,429
3,3,3,3,1,430
1,1,2,2,1,431
4,4,4,4,1,432
3,4,4,4,1,433
2,2,2,2,1,434
2,2,3,2,1,435
3,3,3,3,1,436
2,2,4,3,1,437
2,3,4,3,1,438
4,4,4,4,1,439
2,2,4,3,1,440
2,2,4,3,1,441
3,3,3,3,1,442
4,4,4,4,1,443
3,3,3,3,1,444
4,4,4,4,1,445
1,1,2,2,1,446
3,3,4,4,1,447
4,4,4,4,1,448
2,2,3,2,1,449
3,3,3,3,1,450
4,4,4,4,1,451
3,4,4,3,1,452
3,3,4,4,1,453
3,3,3,2,1,454
1,1,1,1,1,455
4,4,4,4,1,456
2,2,1,1,1,457
4,4,4,4,1,458
4,4,4,3,1,459
3,3,4,3,1,460
3,3,3,3,1,461
2,1,1,1,1,462
4,4,4,4,1,463
4,4,3,3,1,464
4,3,3,3,1,465
4,3,3,3,1,466
3,3,3,3,1,467
4,3,3,3,1,468
2,2,3,3,1,469
3,3,3,3,1,470
2,2,1,1,1,471
2,2,3,2,1,472
2,2,3,2,1,473
3,3,4,3,1,474
1,1,1,1,1,475
2,2,2,2,1,476
2,2,2,2,1,477
2,2,4,3,1,478
1,1,2,2,1,479
4,4,3,3,1,480
3,3,3,3,1,481
3,2,3,2,1,482
2,2,2,2,1,483
4,4,4,4,1,484
1,1,1,1,1,485
2,2,2,2,1,486
2,2,2,2,1,487
2,2,2,2,1,488
3,3,3,3,1,489
4,4,3,3,1,490
4,3,3,3,1,491
2,2,3,4,1,492
4,3,3,3,1,493
4,4,4,4,1,494
3,3,2,2,1,495
1,1,3,2,1,496
1,1,2,2,1,497
4,3,4,4,1,498
4,4,4,4,1,499
2,2,2,2,1,500
2,2,3,2,1,501
3,3,3,3,1,502
3,3,3,3,1,503
3,3,3,3,1,504
2,2,1,1,1,505
3,3,3,3,1,506
2,2,2,2,1,507
3,3,3,3,1,508
1,1,1,1,1,509
3,3,3,2,1,510
2,2,2,3,1,511
2,3,2,2,1,512
4,3,3,3,1,513
2,2,3,2,1,514
2,2,2,2,1,515
1,1,2,2,1,516
4,4,4,4,1,517
4,4,4,4,1,518
4,4,4,4,1,519
4,4,4,4,1,520
1,1,3,2,1,521
3,3,3,3,1,522
3,3,3,3,1,523
3,3,3,3,1,524
4,3,3,3,1,525
4,4,4,3,1,526
3,3,3,3,1,527
3,3,4,3,1,528
4,3,3,3,1,529
3,3,3,3,1,530
4,3,3,3,1,531
4,4,4,4,1,532
4,3,3,2,1,533
1,1,2,2,1,534
4,4,4,4,1,535
1,1,1,1,1,536
4,4,4,4,1,537
4,4,4,4,1,538
2,2,3,2,1,539
3,3,3,3,1,540
2,2,2,2,1,541
2,2,4,3,1,542
3,3,3,3,1,543
3,3,3,3,1,544
2,2,2,2,1,545
4,3,3,3,1,546
4,4,4,4,1,547
3,3,3,3,1,548
4,3,4,3,1,549
3,3,3,3,1,550
3,3,3,3,1,551
4,4,4,4,1,552
4,3,3,3,1,553
4,3,3,3,1,554
2,2,3,3,1,555
3,3,4,3,1,556
4,3,4,3,1,557
4,3,3,3,1,558
4,3,3,3,1,559
1,1,1,1,1,560
4,4,4,4,1,561
4,4,4,4,1,562
3,2,3,2,1,563
2,2,2,2,1,564
4,3,4,3,1,565
3,3,3,3,1,566
2,2,3,2,1,567
4,3,3,3,1,568
3,3,3,3,1,569
4,4,3,3,1,570
4,4,4,4,1,571
2,2,3,3,1,572
3,3,3,3,1,573
2,2,3,3,1,574
4,4,4,4,1,575
1,1,3,3,1,576
3,3,4,3,1,577
3,3,4,4,1,578
2,2,4,3,1,579
1,1,1,1,1,580
3,3,3,3,1,581
2,2,3,2,1,582
2,2,3,2,1,583
3,3,3,3,1,584
1,1,2,2,1,585
3,3,2,3,1,586
2,2,2,3,1,587
1,1,1,1,1,588
3,3,3,3,1,589
4,4,4,4,1,590
1,2,3,2,1,591
3,3,3,3,1,592
3,3,3,3,1,593
2,2,3,3,1,594
2,2,2,2,1,595
3,3,3,3,1,596
4,4,4,3,1,597
1,1,2,2,1,598
4,3,3,3,1,599
3,3,4,3,1,600
4,4,4,4,1,601
4,4,4,4,1,602
1,1,1,1,1,603
4,3,3,3,1,604
3,3,3,3,1,605
4,4,4,4,1,606
2,2,1,1,1,607
2,2,2,2,1,608
3,3,3,3,1,609
3,3,3,3,1,610
3,3,3,3,1,611
3,3,3,3,1,612
3,3,3,3,1,613
4,4,3,3,1,614
4,4,4,4,1,615
2,2,3,2,1,616
3,3,3,3,1,617
3,3,3,2,1,618
1,1,2,2,1,619
1,1,3,3,1,620
3,3,3,3,1,621
1,1,2,2,1,622
1,1,2,2,1,623
2,3,3,3,1,624
4,4,4,4,1,625
3,3,3,4,1,626
2,2,3,2,1,627
4,3,4,3,1,628
4,4,3,3,1,629
2,2,2,2,1,630
1,1,1,1,1,631
1,1,4,3,1,632
4,4,4,4,1,633
4,4,4,4,1,634
4,4,4,4,1,635
4,4,4,4,1,636
1,2,3,4,1,637
3,3,4,3,1,638
2,2,3,2,1,639
3,3,3,3,1,640
2,2,2,3,1,641
2,2,3,3,1,642
1,1,1,1,1,643
3,3,4,3,1,644
3,3,3,3,1,645
3,4,4,3,1,646
4,4,4,4,1,647
1,1,2,2,1,648
1,2,4,4,1,649
3,3,3,3,1,650
2,2,3,2,1,651
4,3,4,3,1,652
4,4,4,4,1,653
1,1,2,2,1,654
3,3,3,3,1,655
1,1,2,2,1,656
2,2,2,2,1,657
1,1,2,2,1,658
2,2,2,2,1,659
3,3,3,3,1,660
4,4,4,4,1,661
3,4,4,3,1,662
4,4,4,4,1,663
4,4,3,4,1,664
3,3,3,2,1,665
1,1,2,1,1,666
4,3,4,3,1,667
3,4,4,3,1,668
2,2,2,2,1,669
3,3,4,4,1,670
3,3,3,3,1,671
4,3,4,4,1,672
1,1,2,2,1,673
4,4,4,4,1,674
2,2,2,2,1,675
4,3,4,3,1,676
3,3,3,3,1,677
3,3,3,3,1,678
3,3,3,3,1,679
3,3,4,3,1,680
4,4,4,4,1,681
4,4,4,3,1,682
2,2,2,2,1,683
4,4,4,3,1,684
1,1,1,1,1,685
3,3,3,3,1,686
3,3,3,3,1,687
4,4,4,4,1,688
2,2,2,2,1,689
1,2,3,3,1,690
4,4,4,4,1,691
3,3,4,3,1,692
4,4,3,3,1,693
3,3,4,3,1,694
3,3,3,2,1,695
2,2,2,2,1,696
3,3,4,3,1,697
4,4,4,3,1,698
1,1,1,1,1,699
1,1,1,1,1,700
4,4,3,3,1,701
2,2,2,2,1,702
4,4,4,4,1,703
1,1,1,1,1,704
3,3,3,3,1,705
4,4,3,3,1,706
1,1,2,2,1,707
4,4,4,4,1,708
4,3,3,3,1,709
4,4,4,4,1,710
4,4,4,4,1,711
2,2,2,2,1,712
4,3,3,3,1,713
3,3,3,3,1,714
3,3,3,3,1,715
3,3,4,3,1,716
3,3,3,3,1,717
4,4,4,4,1,718
2,2,2,2,1,719
1,1,1,1,1,720
1,1,2,2,1,721
3,3,3,3,1,722
3,3,3,3,1,723
4,4,3,4,1,724
3,3,4,3,1,725
3,3,3,3,1,726
3,3,3,2,1,727
3,2,2,3,1,728
1,1,2,2,1,729
2,2,2,2,1,730
4,3,4,3,1,731
2,2,2,2,1,732
3,3,4,3,1,733
4,4,4,4,1,734
4,4,4,4,1,735
3,3,3,3,1,736
4,3,3,3,1,737
3,3,3,3,1,738
4,4,4,4,1,739
4,4,3,3,1,740
4,4,4,4,1,741
4,4,4,4,1,742
2,2,4,3,1,743
2,2,4,3,1,744
3,3,3,3,1,745
4,4,4,4,1,746
1,1,2,2,1,747
1,1,1,1,1,748
3,3,3,3,1,749
4,3,3,3,1,750
2,2,4,3,1,751
1,1,2,1,1,752
2,2,2,2,1,753
3,3,4,3,1,754
3,3,3,3,1,755
1,1,2,2,1,756
2,2,2,2,1,757
4,4,3,4,1,758
2,2,3,3,1,759
2,2,2,2,1,760
3,3,3,3,1,761
3,3,3,4,1,762
3,2,2,3,1,763
3,3,4,3,1,764
4,3,3,3,1,765
4,3,4,4,1,766
1,2,3,2,1,767
2,2,2,2,1,768
3,3,3,3,1,769
2,3,2,3,1,770
2,2,3,2,1,771
4,3,3,4,1,772
3,3,3,4,1,773
3,3,3,3,1,774
3,2,3,3,1,775
3,3,3,3,1,776
4,4,4,4,1,777
4,4,4,3,1,778
1,1,2,2,1,779
4,3,3,3,1,780
2,2,3,2,1,781
4,4,4,4,1,782
2,2,2,2,1,783
4,3,3,3,1,784
1,1,1,1,1,785
3,3,4,3,1,786
1,1,2,2,1,787
4,4,4,4,1,788
4,3,4,4,1,789
3,3,3,3,1,790
4,4,4,4,1,791
4,4,4,4,1,792
3,3,3,3,1,793
4,3,3,3,1,794
2,2,2,2,1,795
2,2,2,2,1,796
2,2,3,3,1,797
4,4,3,3,1,798
3,3,3,3,1,799
4,4,3,4,1,800
2,3,2,3,1,801
2,2,2,2,1,802
2,2,4,3,1,803
3,3,3,3,1,804
2,2,4,3,1,805
4,4,3,3,1,806
1,1,2,2,1,807
4,3,4,4,1,808
3,3,4,4,1,809
3,3,3,3,1,810
3,3,3,3,1,811
3,3,3,3,1,812
3,3,3,3,1,813
2,2,2,2,1,814
2,2,2,2,1,815
3,3,3,3,1,816
3,3,3,3,1,817
4,4,4,4,1,818
3,3,3,2,1,819
1,1,2,2,1,820
2,2,3,2,1,821
3,3,3,3,1,822
3,3,3,3,1,823
3,3,3,2,1,824
4,3,4,3,1,825
4,4,4,4,1,826
4,4,4,4,1,827
2,2,4,4,1,828
3,3,4,4,1,829
1,2,4,3,1,830
3,3,3,3,1,831
2,2,3,2,1,832
4,4,4,4,1,833
3,3,3,2,1,834
3,3,4,3,1,835
2,2,3,2,1,836
4,4,4,3,1,837
3,3,3,3,1,838
2,2,3,2,1,839
4,4,4,4,1,840
3,3,2,2,1,841
3,3,3,3,1,842
1,1,2,2,1,843
2,2,2,2,1,844
3,3,3,3,1,845
2,2,2,2,1,846
3,3,3,3,1,847
1,1,2,2,1,848
3,3,3,2,1,849
3,3,3,3,1,850
3,3,3,3,1,851
1,1,3,2,1,852
3,3,3,3,1,853
1,1,2,2,1,854
2,2,2,2,1,855
3,3,3,3,1,856
4,4,4,4,1,857
1,1,3,3,1,858
3,3,3,3,1,859
3,3,3,3,1,860
3,3,3,2,1,861
3,3,3,3,1,862
1,1,2,2,1,863
2,2,2,2,1,864
1,1,1,1,1,865
4,4,4,4,1,866
3,3,3,3,1,867
4,4,4,4,1,868
4,4,4,4,1,869
4,4,4,4,1,870
4,4,4,4,1,871
3,3,3,3,1,872
2,2,3,2,1,873
4,4,4,4,1,874
3,3,3,3,1,875
2,2,2,2,1,876
1,1,1,1,1,877
1,1,2,2,1,878
1,1,1,1,1,879
4,4,4,4,1,880
4,4,4,3,1,881
2,2,2,2,1,882
4,3,3,3,1,883
1,1,2,2,1,884
4,4,3,3,1,885
4,4,3,3,1,886
4,3,3,3,1,887
1,1,3,2,1,888
2,2,2,2,1,889
3,3,3,3,1,890
1,2,4,4,1,891
4,3,3,3,1,892
3,3,3,3,1,893
1,1,3,2,1,894
3,3,3,3,1,895
4,3,3,3,1,896
3,3,3,3,1,897
4,3,4,3,1,898
3,3,3,3,1,899
3,3,3,3,1,900
2,2,3,2,1,901
2,2,3,3,1,902
1,1,2,2,1,903
3,3,3,3,1,904
3,3,3,3,1,905
3,3,3,3,1,906
1,1,1,1,1,907
4,4,4,4,1,908
3,3,2,3,1,909
2,2,2,2,1,910
3,3,3,3,1,911
4,3,3,3,1,912
4,4,4,3,1,913
1,1,2,2,1,914
4,4,4,4,1,915
4,3,3,3,1,916
4,3,3,3,1,917
4,3,4,3,1,918
3,3,4,3,1,919
2,2,2,2,1,920
4,4,4,4,1,921
4,4,4,4,1,922
4,4,3,4,1,923
3,3,3,3,1,924
4,3,4,3,1,925
2,2,3,2,1,926
2,2,3,3,1,927
3,3,3,3,1,928
3,3,3,3,1,929
4,4,4,4,1,930
2,2,2,2,1,931
2,2,3,2,1,932
2,2,2,2,1,933
3,3,3,3,1,934
2,2,3,3,1,935
2,2,2,2,1,936
3,3,3,3,1,937
4,3,3,3,1,938
3,3,4,4,1,939
3,3,3,3,1,940
2,3,4,3,1,941
3,3,3,3,1,942
1,1,2,2,1,943
1,1,2,2,1,944
3,3,3,3,1,945
1,1,2,2,1,946
2,2,3,3,1,947
2,2,3,3,1,948
1,1,1,1,1,949
1,1,2,2,1,950
1,1,2,2,1,951
4,4,4,4,1,952
3,3,3,3,1,953
1,1,1,1,1,954
3,3,3,3,1,955
2,2,3,2,1,956
2,2,3,3,1,957
3,3,3,3,1,958
3,3,4,3,1,959
2,2,2,2,1,960
2,2,2,2,1,961
4,3,3,3,1,962
3,3,3,3,1,963
2,2,2,2,1,964
1,1,1,1,1,965
1,1,2,2,1,966
3,3,3,3,1,967
2,2,3,2,1,968
1,1,1,1,1,969
4,3,4,3,1,970
1,1,2,1,1,971
3,3,3,3,1,972
4,4,4,3,1,973
3,3,3,2,1,974
4,4,4,4,1,975
4,3,3,3,1,976
4,4,3,4,1,977
3,3,3,3,1,978
2,2,4,3,1,979
2,2,2,2,1,980
3,3,4,4,1,981
4,3,4,3,1,982
3,3,4,4,1,983
2,2,4,3,1,984
1,1,2,2,1,985
4,4,4,4,1,986
4,3,4,3,1,987
3,3,3,3,1,988
2,2,3,3,1,989
3,3,4,4,1,990
3,3,4,4,1,991
4,4,4,4,1,992
3,3,4,3,1,993
1,1,1,1,1,994
3,3,4,3,1,995
4,4,4,4,1,996
4,4,4,4,1,997
2,2,3,3,1,998
4,4,4,4,1,999
2,2,4,3,1,1000
3,3,3,3,1,1001
3,3,3,4,1,1002
4,4,4,4,1,1003
4,3,4,4,1,1004
2,2,3,3,1,1005
4,4,4,4,1,1006
2,2,2,2,1,1007
4,4,4,3,1,1008
1,1,2,2,1,1009
3,3,3,3,1,1010
3,3,3,3,1,1011
4,4,4,3,1,1012
2,2,2,2,1,1013
3,3,2,2,1,1014
2,2,3,2,1,1015
3,3,3,3,1,1016
3,3,4,3,1,1017
4,3,4,3,1,1018
1,1,3,2,1,1019
4,4,3,4,1,1020
4,4,3,4,1,1021
4,4,4,3,1,1022
2,2,2,2,1,1023
3,3,3,3,1,1024
4,3,4,3,1,1025
3,3,3,3,1,1026
2,3,2,2,1,1027
3,3,3,3,1,1028
4,3,4,3,1,1029
4,3,4,4,1,1030
3,3,3,3,1,1031
2,2,2,2,1,1032
3,3,3,3,1,1033
2,2,3,2,1,1034
3,3,3,3,1,1035
3,3,3,3,1,1036
3,3,3,3,1,1037
1,1,2,2,1,1038
1,1,1,1,1,1039
4,4,4,4,1,1040
3,3,4,4,1,1041
3,3,3,3,1,1042
4,3,4,4,1,1043
2,2,2,2,1,1044
1,2,2,2,1,1045
2,2,2,2,1,1046
1,1,1,1,1,1047
2,2,2,2,1,1048
1,1,1,1,1,1049
4,4,4,4,1,1050
4,4,4,4,1,1051
1,1,3,3,1,1052
2,2,3,2,1,1053
2,2,2,2,1,1054
2,2,3,2,1,1055
1,1,3,3,1,1056
3,4,3,3,1,1057
2,2,4,4,1,1058
3,3,3,3,1,1059
2,2,4,3,1,1060
3,3,3,3,1,1061
4,4,4,4,1,1062
1,1,1,1,1,1063
4,3,4,4,1,1064
2,3,1,1,1,1065
1,1,1,1,1,1066
1,1,3,2,1,1067
2,1,2,2,1,1068
3,3,2,2,1,1069
3,3,3,3,1,1070
4,3,4,4,1,1071
4,3,4,4,1,1072
3,3,3,3,1,1073
2,2,3,2,1,1074
2,2,3,3,1,1075
1,2,3,2,1,1076
4,4,4,4,1,1077
2,2,2,2,1,1078
4,3,3,3,1,1079
3,3,3,2,1,1080
3,3,2,2,1,1081
2,2,2,2,1,1082
3,3,3,3,1,1083
2,2,2,2,1,1084
3,3,3,3,1,1085
3,3,3,3,1,1086
2,3,3,3,1,1087
1,1,1,2,1,1088
4,3,3,3,1,1089
4,3,3,4,1,1090
2,2,2,2,1,1091
3,3,3,3,1,1092
4,3,4,4,1,1093
1,1,1,1,1,1094
4,4,4,4,1,1095
4,4,4,4,1,1096
3,3,4,4,1,1097
3,3,3,3,1,1098
3,3,3,3,1,1099
3,3,3,3,1,1100
3,3,3,3,1,1101
3,3,3,3,1,1102
3,3,3,3,1,1103
4,3,4,4,1,1104
1,1,1,1,1,1105
2,2,4,4,1,1106
4,4,4,4,1,1107
3,3,3,3,1,1108
4,4,4,4,1,1109
3,3,4,4,1,1110
4,4,3,4,1,1111
3,3,3,3,1,1112
4,3,4,4,1,1113
3,3,3,3,1,1114
3,3,2,2,1,1115
4,3,4,3,1,1116
3,3,3,2,1,1117
3,3,3,3,1,1118
3,2,3,3,1,1119
1,1,2,2,1,1120
4,3,3,3,1,1121
4,4,4,4,1,1122
4,4,4,4,1,1123
1,1,2,2,1,1124
4,3,4,4,1,1125
4,3,4,4,1,1126
1,1,1,1,1,1127
1,1,3,3,1,1128
1,1,2,2,1,1129
3,3,4,3,1,1130
4,3,4,4,1,1131
4,3,4,3,1,1132
1,1,1,1,1,1133
4,4,4,4,1,1134
2,2,2,2,1,1135
4,3,3,3,1,1136
3,3,3,3,1,1137
3,3,3,3,1,1138
3,3,4,3,1,1139
3,3,3,3,1,1140
4,4,4,4,1,1141
2,2,3,3,1,1142
2,2,3,3,1,1143
3,2,2,2,1,1144
1,1,1,1,1,1145
3,3,3,3,1,1146
2,2,3,3,1,1147
3,3,3,3,1,1148
3,3,3,3,1,1149
1,1,2,2,1,1150
3,3,3,3,1,1151
4,3,3,3,1,1152
4,4,3,4,1,1153
3,3,3,3,1,1154
1,1,1,1,1,1155
4,4,4,4,1,1156
1,2,3,3,1,1157
2,2,2,2,1,1158
3,3,3,3,1,1159
4,4,4,4,1,1160
4,4,3,4,1,1161
2,2,2,2,1,1162
1,1,1,1,1,1163
3,3,3,3,1,1164
2,2,2,2,1,1165
3,3,3,3,1,1166
3,3,3,3,1,1167
4,4,4,4,1,1168
2,2,3,3,1,1169
3,3,3,3,1,1170
2,2,3,2,1,1171
2,2,3,2,1,1172
3,3,3,3,1,1173
2,2,2,2,1,1174
4,4,4,4,1,1175
1,1,1,1,1,1176
2,2,3,4,1,1177
1,1,2,2,1,1178
2,2,3,2,1,1179
3,3,3,3,1,1180
3,3,3,3,1,1181
3,3,3,3,1,1182
2,2,2,2,1,1183
2,2,3,3,1,1184
2,2,3,2,1,1185
4,4,4,4,1,1186
4,4,4,4,1,1187
2,2,2,2,1,1188
2,2,2,2,1,1189
3,3,3,3,1,1190
2,2,2,2,1,1191
3,2,3,2,1,1192
3,3,3,3,1,1193
1,1,2,2,1,1194
3,3,3,3,1,1195
4,4,4,4,1,1196
4,3,3,4,1,1197
4,4,4,4,1,1198
2,2,3,3,1,1199
1,1,2,2,1,1200
1,1,2,2,1,1201
3,3,3,3,1,1202
1,2,3,2,1,1203
1,1,1,1,1,1204
1,1,1,1,1,1205
3,3,3,4,1,1206
1,1,1,1,1,1207
1,1,3,3,1,1208
4,3,3,4,1,1209
3,3,3,3,1,1210
2,2,2,2,1,1211
3,3,3,3,1,1212
4,4,4,4,1,1213
4,3,3,4,1,1214
4,4,4,4,1,1215
3,3,3,3,1,1216
1,1,2,2,1,1217
4,4,4,4,1,1218
4,4,4,4,1,1219
3,3,2,2,1,1220
2,3,3,3,1,1221
4,4,4,4,1,1222
1,1,2,2,1,1223
3,3,4,4,1,1224
4,4,4,4,1,1225
3,3,2,2,1,1226
3,3,4,4,1,1227
1,1,2,1,1,1228
1,1,1,1,1,1229
2,2,4,3,1,1230
1,1,1,1,1,1231
4,4,4,4,1,1232
2,2,2,2,1,1233
3,3,4,4,1,1234
2,2,2,2,1,1235
4,3,3,3,1,1236
1,1,2,2,1,1237
4,3,4,4,1,1238
3,3,3,3,1,1239
4,4,3,4,1,1240
2,2,3,3,1,1241
3,3,3,3,1,1242
1,2,2,2,1,1243
4,4,4,4,1,1244
1,1,1,1,1,1245
2,2,2,2,1,1246
3,3,4,4,1,1247
3,3,4,4,1,1248
4,4,4,3,1,1249
3,3,3,3,1,1250
3,3,3,3,1,1251
3,3,3,3,1,1252
3,3,3,3,1,1253
2,2,3,2,1,1254
4,4,4,4,1,1255
2,2,2,2,1,1256
3,3,3,3,1,1257
3,3,3,3,1,1258
3,3,3,3,1,1259
4,4,4,4,1,1260
1,2,3,3,1,1261
2,2,2,2,1,1262
1,1,2,2,1,1263
4,3,3,3,1,1264
3,3,3,3,1,1265
4,3,3,3,1,1266
1,1,1,1,1,1267
4,3,3,3,1,1268
1,1,2,2,1,1269
1,1,2,2,1,1270
4,3,3,3,1,1271
2,2,2,2,1,1272
2,2,3,2,1,1273
1,1,1,1,1,1274
2,2,3,3,1,1275
1,1,1,1,1,1276
4,3,3,4,1,1277
2,2,2,2,1,1278
3,3,3,3,1,1279
3,3,3,4,1,1280
3,3,3,3,1,1281
4,3,3,3,1,1282
4,4,4,4,1,1283
2,2,2,2,1,1284
3,3,3,3,1,1285
3,3,3,3,1,1286
3,3,4,4,1,1287
3,3,3,4,1,1288
3,3,3,3,1,1289
4,3,4,4,1,1290
1,1,2,2,1,1291
3,3,3,3,1,1292
1,1,1,1,1,1293
2,2,3,2,1,1294
3,3,3,3,1,1295
3,3,3,3,1,1296
4,4,4,4,1,1297
4,4,4,4,1,1298
4,4,4,4,1,1299
4,4,4,4,1,1300
1,1,2,2,1,1301
4,4,4,4,1,1302
4,4,4,4,1,1303
4,3,3,3,1,1304
4,3,3,3,1,1305
4,3,3,3,1,1306
4,4,4,4,1,1307
2,2,2,3,1,1308
3,3,3,3,1,1309
3,4,3,3,1,1310
3,3,3,3,1,1311
3,3,3,3,1,1312
2,2,3,3,1,1313
1,1,1,1,1,1314
3,3,3,3,1,1315
2,2,2,2,1,1316
2,2,3,2,1,1317
1,1,1,1,1,1318
4,4,4,4,1,1319
4,3,3,3,1,1320
3,3,3,3,1,1321
3,3,3,3,1,1322
4,4,3,4,1,1323
1,1,1,1,1,1324
2,2,3,2,1,1325
3,3,3,3,1,1326
1,1,1,1,1,1327
1,2,2,2,1,1328
3,3,3,3,1,1329
4,4,3,4,1,1330
3,3,3,3,1,1331
1,2,3,2,1,1332
4,3,3,3,1,1333
3,3,3,3,1,1334
3,3,3,3,1,1335
3,3,3,3,1,1336
3,3,3,3,1,1337
4,4,4,4,1,1338
2,2,3,2,1,1339
2,2,2,2,1,1340
4,3,4,4,1,1341
4,4,3,3,1,1342
3,3,3,2,1,1343
1,1,2,2,1,1344
2,2,2,2,1,1345
4,3,4,4,1,1346
3,3,4,4,1,1347
3,3,3,3,1,1348
1,1,1,1,1,1349
3,3,3,3,1,1350
4,3,3,3,1,1351
3,2,2,2,1,1352
1,1,2,1,1,1353
3,3,3,3,1,1354
1,2,2,2,1,1355
1,1,1,1,1,1356
4,4,3,4,1,1357
2,2,4,3,1,1358
4,4,4,4,1,1359
1,1,1,1,1,1360
3,3,3,4,1,1361
2,3,2,2,1,1362
4,4,4,4,1,1363
4,3,3,4,1,1364
3,3,4,4,1,1365
2,2,3,4,1,1366
3,3,3,4,1,1367
4,4,4,4,1,1368
2,2,3,3,1,1369
2,2,4,4,1,1370
3,3,3,4,1,1371
3,3,3,4,1,1372
4,3,3,4,1,1373
4,4,3,4,1,1374
4,4,4,4,1,1375
3,3,3,4,1,1376
3,3,3,3,1,1377
1,1,3,3,1,1378
2,2,3,2,1,1379
3,3,3,4,1,1380
2,3,4,4,1,1381
2,2,4,4,1,1382
3,3,3,4,1,1383
1,1,1,1,1,1384
4,4,4,4,1,1385
4,3,4,4,1,1386
4,3,3,3,1,1387
2,2,3,3,1,1388
3,3,3,3,1,1389
3,3,3,3,1,1390
2,2,3,3,1,1391
3,3,3,3,1,1392
3,3,3,3,1,1393
3,3,3,3,1,1394
4,4,4,4,1,1395
4,4,4,4,1,1396
4,3,4,4,1,1397
1,1,1,1,1,1398
3,3,3,3,1,1399
3,3,3,3,1,1400
2,2,2,2,1,1401
2,2,3,2,1,1402
3,3,3,3,1,1403
4,3,4,4,1,1404
3,3,4,3,1,1405
1,1,1,1,1,1406
4,4,4,4,1,1407
4,4,4,4,1,1408
3,3,4,3,1,1409
3,3,3,3,1,1410
3,3,3,3,1,1411
3,3,4,4,1,1412
3,3,3,3,1,1413
1,1,2,2,1,1414
3,3,3,3,1,1415
3,3,4,4,1,1416
3,3,3,4,1,1417
4,3,3,3,1,1418
2,2,2,2,1,1419
1,1,1,1,1,1420
3,3,3,4,1,1421
4,3,3,3,1,1422
3,3,3,3,1,1423
1,1,2,3,1,1424
4,4,4,4,1,1425
4,4,4,4,1,1426
2,2,4,4,1,1427
1,1,2,2,1,1428
1,1,3,3,1,1429
1,1,4,4,1,1430
2,2,3,4,1,1431
3,3,4,4,1,1432
4,4,4,4,1,1433
3,3,3,3,1,1434
2,2,3,3,1,1435
3,3,3,3,1,1436
3,3,3,3,1,1437
2,2,3,2,1,1438
1,1,2,2,1,1439
3,3,3,3,1,1440
1,1,2,2,1,1441
4,4,4,4,1,1442
3,3,4,4,1,1443
3,3,3,3,1,1444
3,3,3,3,1,1445
1,1,2,3,1,1446
3,3,3,3,1,1447
4,4,4,4,1,1448
2,2,2,2,1,1449
4,4,4,4,1,1450
2,3,3,3,1,1451
2,3,2,3,1,1452
3,3,3,3,1,1453
3,3,3,4,1,1454
3,3,3,3,1,1455
2,2,3,3,1,1456
1,1,1,1,1,1457
3,3,3,3,1,1458
3,3,3,3,1,1459
2,2,4,4,1,1460
4,3,4,3,1,1461
4,4,4,4,1,1462
2,2,2,2,1,1463
4,4,4,4,1,1464
2,3,3,3,1,1465
3,3,4,4,1,1466
3,3,4,4,1,1467
2,3,3,3,1,1468
1,1,1,1,1,1469
3,3,4,4,1,1470
2,2,2,2,1,1471
4,3,3,3,1,1472
4,3,4,4,1,1473
3,3,3,4,1,1474
2,2,3,2,1,1475
1,1,1,1,1,1476
4,4,4,4,1,1477
4,3,3,3,1,1478
3,3,3,3,1,1479
4,3,3,3,1,1480
3,3,3,3,1,1481
4,4,4,4,1,1482
2,2,2,2,1,1483
3,3,3,3,1,1484
4,3,3,4,1,1485
3,3,3,3,1,1486
3,3,3,3,1,1487
4,4,4,4,1,1488
2,2,2,2,1,1489
4,4,4,4,1,1490
4,4,3,4,1,1491
3,3,3,3,1,1492
3,3,3,4,1,1493
2,2,3,3,1,1494
2,3,3,3,1,1495
2,2,2,2,1,1496
3,3,4,4,1,1497
3,3,4,4,1,1498
4,3,4,4,1,1499
4,3,3,3,1,1500
1,1,2,2,1,1501
1,1,1,1,1,1502
2,2,3,3,1,1503
1,1,3,3,1,1504
3,3,3,4,1,1505
2,2,3,3,1,1506
4,4,4,4,1,1507
4,4,3,4,1,1508
4,3,3,3,1,1509
4,3,3,3,1,1510
2,2,2,2,1,1511
3,3,3,3,1,1512
3,3,3,3,1,1513
3,3,4,4,1,1514
4,3,2,2,1,1515
4,4,4,4,1,1516
4,4,4,4,1,1517
3,3,4,4,1,1518
2,2,3,4,1,1519
3,3,4,4,1,1520
3,3,3,3,1,1521
2,2,3,4,1,1522
1,1,2,2,1,1523
1,1,3,3,1,1524
3,3,3,3,1,1525
1,1,1,1,1,1526
2,2,3,3,1,1527
1,1,2,2,1,1528
2,2,4,4,1,1529
3,3,3,3,1,1530
3,3,4,4,1,1531
2,2,2,2,1,1532
3,3,4,3,1,1533
3,3,3,3,1,1534
4,3,3,3,1,1535
3,3,3,3,1,1536
4,4,4,4,1,1537
3,3,4,3,1,1538
1,1,1,1,1,1539
2,2,2,2,1,1540
1,1,1,1,1,1541
3,3,3,3,1,1542
2,2,3,3,1,1543
2,2,2,2,1,1544
2,2,2,2,1,1545
4,4,4,4,1,1546
2,3,3,3,1,1547
2,2,2,2,1,1548
1,2,3,2,1,1549
2,2,2,2,1,1550
3,3,3,3,1,1551
4,4,4,4,1,1552
4,4,4,4,1,1553
4,4,4,4,1,1554
2,2,4,3,1,1555
2,2,2,2,1,1556
3,3,3,3,1,1557
2,2,3,2,1,1558
3,3,3,3,1,1559
1,1,1,1,1,1560
2,2,3,3,1,1561
2,2,2,2,1,1562
4,3,4,4,1,1563
3,3,3,3,1,1564
1,1,2,2,1,1565
4,3,4,4,1,1566
3,3,3,2,1,1567
3,3,3,3,1,1568
3,3,3,3,1,1569
2,2,2,2,1,1570
2,2,2,2,1,1571
4,3,3,3,1,1572
4,3,4,4,1,1573
2,2,3,2,1,1574
2,3,3,3,1,1575
3,3,3,3,1,1576
1,1,1,1,1,1577
3,3,3,3,1,1578
1,1,2,2,1,1579
2,2,2,2,1,1580
3,3,3,3,1,1581
2,2,2,2,1,1582
4,3,4,4,1,1583
3,3,2,2,1,1584
3,3,3,2,1,1585
2,2,2,2,1,1586
4,3,3,3,1,1587
3,3,3,3,1,1588
3,3,3,2,1,1589
1,1,2,2,1,1590
2,2,3,2,1,1591
2,2,3,3,1,1592
3,3,4,4,1,1593
4,4,4,4,1,1594
1,1,2,2,1,1595
2,1,1,1,1,1596
4,4,4,4,1,1597
2,2,3,2,1,1598
3,3,3,3,1,1599
3,3,3,4,1,1600
3,3,4,4,1,1601
4,4,4,4,1,1602
4,4,4,4,1,1603
2,2,3,4,1,1604
4,4,3,3,1,1605
2,2,3,3,1,1606
4,3,3,3,1,1607
2,3,2,2,1,1608
4,4,4,4,1,1609
3,3,3,3,1,1610
4,4,4,4,1,1611
4,4,4,3,1,1612
2,2,2,2,1,1613
2,2,4,3,1,1614
3,3,3,4,1,1615
3,3,3,3,1,1616
4,4,4,4,1,1617
4,4,4,4,1,1618
3,3,3,3,1,1619
2,2,3,3,1,1620
2,3,4,4,1,1621
3,3,3,3,1,1622
3,3,3,3,1,1623
2,2,2,2,1,1624
1,2,2,2,1,1625
4,4,4,4,1,1626
4,4,4,4,1,1627
4,3,4,4,1,1628
3,3,3,3,1,1629
2,2,3,3,1,1630
4,3,3,3,1,1631
3,3,4,3,1,1632
3,3,3,4,1,1633
3,4,4,4,1,1634
4,3,3,4,1,1635
3,4,4,4,1,1636
3,3,3,4,1,1637
4,3,3,3,1,1638
1,1,2,2,1,1639
4,4,4,4,1,1640
4,3,3,4,1,1641
2,2,3,3,1,1642
1,1,1,1,1,1643
3,3,2,2,1,1644
2,2,2,2,1,1645
2,2,2,2,1,1646
2,2,3,2,1,1647
4,4,4,4,1,1648
2,2,4,3,1,1649
2,2,1,1,1,1650
3,3,2,3,1,1651
2,2,3,3,1,1652
2,3,4,3,1,1653
3,3,4,3,1,1654
4,3,4,3,1,1655
4,4,4,4,1,1656
4,4,4,4,1,1657
4,3,3,3,1,1658
4,4,4,4,1,1659
1,2,1,1,1,1660
1,2,2,2,1,1661
3,3,3,3,1,1662
3,3,3,2,1,1663
3,2,3,2,1,1664
4,4,4,4,1,1665
3,3,3,3,1,1666
2,3,2,2,1,1667
4,4,4,4,1,1668
2,2,4,3,1,1669
2,2,3,3,1,1670
2,2,4,4,1,1671
3,3,3,4,1,1672
3,3,3,3,1,1673
3,3,3,3,1,1674
2,2,3,2,1,1675
4,3,3,3,1,1676
2,3,3,3,1,1677
2,2,2,2,1,1678
3,3,3,3,1,1679
4,4,3,4,1,1680
3,3,3,3,1,1681
1,2,2,2,1,1682
4,4,4,4,1,1683
1,2,2,2,1,1684
3,3,3,3,1,1685
2,2,3,3,1,1686
3,3,4,4,1,1687
3,3,4,4,1,1688
3,3,4,3,1,1689
2,2,3,3,1,1690
4,3,3,3,1,1691
3,3,4,4,1,1692
4,3,3,3,1,1693
3,3,3,3,1,1694
2,2,2,2,1,1695
3,3,3,3,1,1696
4,4,4,4,1,1697
3,3,3,3,1,1698
3,3,3,3,1,1699
3,3,3,3,1,1700
3,3,4,4,1,1701
4,4,3,3,1,1702
3,3,3,3,1,1703
4,3,3,3,1,1704
3,3,3,3,1,1705
1,1,2,2,1,1706
2,2,2,2,1,1707
4,4,4,4,1,1708
3,3,3,3,1,1709
4,3,3,3,1,1710
2,2,3,3,1,1711
4,4,4,4,1,1712
3,3,3,3,1,1713
4,3,3,4,1,1714
4,4,3,4,1,1715
2,2,3,3,1,1716
3,3,3,3,1,1717
2,2,2,2,1,1718
2,2,3,3,1,1719
2,2,3,3,1,1720
1,2,2,2,1,1721
3,3,3,3,1,1722
4,3,3,4,1,1723
2,2,3,3,1,1724
3,3,3,3,1,1725
1,1,1,1,1,1726
1,1,3,3,1,1727
3,3,4,3,1,1728
1,1,1,1,1,1729
1,1,1,1,1,1730
4,4,4,4,1,1731
3,3,3,3,1,1732
3,3,3,3,1,1733
3,3,4,3,1,1734
3,3,3,3,1,1735
4,4,4,4,1,1736
1,1,1,1,1,1737
4,4,4,4,1,1738
4,4,4,4,1,1739
2,2,3,3,1,1740
3,3,3,3,1,1741
4,4,4,4,1,1742
1,1,1,1,1,1743
2,2,3,3,1,1744
4,4,4,4,1,1745
2,2,4,4,1,1746
4,4,4,4,1,1747
1,1,3,3,1,1748
4,4,3,4,1,1749
4,4,4,4,1,1750
3,4,4,4,1,1751
1,1,3,3,1,1752
4,3,3,4,1,1753
3,3,3,4,1,1754
4,4,4,4,1,1755
4,3,3,4,1,1756
3,3,3,3,1,1757
1,2,3,2,1,1758
3,3,2,2,1,1759
4,4,4,4,1,1760
1,1,2,2,1,1761
2,2,3,3,1,1762
3,3,3,3,1,1763
4,3,3,4,1,1764
1,1,1,1,1,1765
4,3,4,4,1,1766
4,3,3,3,1,1767
1,1,1,1,1,1768
4,4,3,3,1,1769
4,3,3,4,1,1770
4,4,4,4,1,1771
4,3,3,3,1,1772
4,4,4,4,1,1773
3,3,4,4,1,1774
4,3,3,4,1,1775
2,2,3,4,1,1776
4,3,3,4,1,1777
3,3,3,3,1,1778
4,3,4,4,1,1779
2,2,2,2,1,1780
1,1,1,1,1,1781
3,3,4,4,1,1782
4,4,4,4,1,1783
2,3,3,3,1,1784
3,3,3,3,1,1785
3,3,3,4,1,1786
4,3,4,4,1,1787
4,4,4,4,1,1788
4,4,4,4,1,1789
1,1,1,1,1,1790
3,3,3,3,1,1791
1,2,2,2,1,1792
1,2,2,2,1,1793
4,3,4,4,1,1794
2,2,2,2,1,1795
2,2,3,3,1,1796
4,3,3,3,1,1797
2,2,3,3,1,1798
2,2,2,2,1,1799
4,4,4,4,1,1800
4,3,2,2,2,1
1,1,3,2,2,2
4,4,3,3,2,3
2,1,4,3,2,4
3,3,4,4,2,5
0,0,0,1,2,6
0,0,0,0,2,7
1,1,4,3,2,8
3,3,4,3,2,9
2,2,3,1,2,10
4,3,3,3,2,11
2,3,3,3,2,12
4,4,4,4,2,13
3,4,4,4,2,14
3,3,3,3,2,15
3,3,4,3,2,16
2,2,3,3,2,17
0,0,0,0,2,18
4,4,3,3,2,19
3,3,2,2,2,20
4,4,3,3,2,21
2,2,3,2,2,22
4,3,3,2,2,23
4,4,4,4,2,24
3,3,3,2,2,25
1,2,1,1,2,26
0,0,0,0,2,27
2,2,2,2,2,28
3,2,3,3,2,29
2,2,2,2,2,30
3,2,2,2,2,31
1,1,1,1,2,32
1,1,3,2,2,33
4,4,3,3,2,34
0,0,0,0,2,35
2,2,3,3,2,36
2,2,3,2,2,37
4,3,4,4,2,38
2,2,3,2,2,39
3,3,3,2,2,40
2,2,2,2,2,41
2,2,3,2,2,42
2,2,3,2,2,43
3,2,3,3,2,44
3,2,3,3,2,45
0,1,1,1,2,46
1,1,3,3,2,47
2,2,3,2,2,48
0,0,1,1,2,49
1,1,1,2,2,50
2,2,3,3,2,51
4,3,2,2,2,52
4,4,3,3,2,53
1,1,2,1,2,54
3,3,4,4,2,55
3,3,3,3,2,56
1,1,4,3,2,57
2,2,3,3,2,58
2,2,3,2,2,59
2,2,2,2,2,60
3,3,4,3,2,61
4,4,4,4,2,62
3,3,4,4,2,63
2,1,4,3,2,64
1,0,1,1,2,65
3,2,2,2,2,66
1,1,2,2,2,67
1,1,3,3,2,68
4,4,3,2,2,69
1,1,3,3,2,70
3,3,3,3,2,71
2,2,3,2,2,72
0,0,1,1,2,73
3,4,4,4,2,74
3,3,4,3,2,75
2,2,4,3,2,76
3,4,4,4,2,77
3,4,4,4,2,78
2,2,3,3,2,79
1,1,4,3,2,80
4,4,3,3,2,81
3,3,3,3,2,82
1,1,1,1,2,83
1,1,1,1,2,84
2,2,4,3,2,85
1,1,3,3,2,86
1,1,2,2,2,87
4,3,3,3,2,88
4,4,3,4,2,89
2,2,3,3,2,90
0,0,1,1,2,91
2,2,2,2,2,92
3,2,2,2,2,93
1,1,2,2,2,94
1,1,2,1,2,95
3,3,2,1,2,96
2,2,2,2,2,97
4,3,3,3,2,98
2,3,3,4,2,99
3,3,3,3,2,100
2,2,2,3,2,101
1,1,3,2,2,102
1,1,2,1,2,103
3,2,2,2,2,104
2,1,1,1,2,105
2,2,2,2,2,106
2,2,2,2,2,107
0,0,1,1,2,108
3,4,4,4,2,109
1,1,1,1,2,110
3,3,3,3,2,111
1,1,2,1,2,112
4,4,3,3,2,113
3,3,2,3,2,114
3,3,3,3,2,115
0,0,1,0,2,116
3,3,3,3,2,117
0,0,0,0,2,118
3,3,3,3,2,119
3,4,3,3,2,120
3,2,2,2,2,121
0,0,0,0,2,122
2,2,1,1,2,123
3,2,2,2,2,124
2,2,3,2,2,125
2,2,2,2,2,126
2,3,3,1,2,127
0,0,0,1,2,128
3,3,3,3,2,129
2,2,3,2,2,130
2,2,2,2,2,131
2,2,4,3,2,132
2,2,4,4,2,133
2,2,2,2,2,134
1,2,1,1,2,135
1,1,1,1,2,136
3,3,3,3,2,137
2,2,2,2,2,138
2,3,4,4,2,139
3,3,3,3,2,140
2,3,3,2,2,141
3,4,3,2,2,142
2,2,2,2,2,143
1,1,1,1,2,144
1,1,2,1,2,145
1,1,3,2,2,146
2,2,3,3,2,147
1,1,1,1,2,148
2,2,4,3,2,149
4,3,2,2,2,150
3,3,3,3,2,151
1,2,2,1,2,152
2,2,2,2,2,153
0,0,2,2,2,154
4,3,3,3,2,155
0,0,0,0,2,156
3,2,3,3,2,157
2,1,3,4,2,158
2,2,3,3,2,159
2,2,2,2,2,160
3,4,3,4,2,161
1,1,1,1,2,162
1,1,3,2,2,163
2,2,2,2,2,164
0,1,2,1,2,165
0,0,0,0,2,166
4,3,3,3,2,167
0,0,1,1,2,168
0,0,0,0,2,169
2,2,2,2,2,170
1,1,3,3,2,171
1,1,1,1,2,172
3,4,3,4,2,173
0,0,0,0,2,174
1,1,1,1,2,175
2,2,2,2,2,176
2,1,1,1,2,177
2,2,2,2,2,178
1,1,1,1,2,179
3,4,4,4,2,180
1,1,1,1,2,181
1,1,3,2,2,182
2,2,3,3,2,183
3,3,4,4,2,184
3,2,3,2,2,185
1,2,3,2,2,186
3,3,3,3,2,187
3,3,3,3,2,188
3,3,4,3,2,189
0,0,1,1,2,190
3,2,3,3,2,191
2,2,2,2,2,192
4,4,2,2,2,193
2,2,2,2,2,194
4,4,4,3,2,195
0,0,0,0,2,196
2,2,2,2,2,197
2,2,2,2,2,198
3,3,2,2,2,199
1,1,1,1,2,200
2,2,2,2,2,201
0,1,1,1,2,202
2,2,3,3,2,203
3,3,3,3,2,204
4,3,3,3,2,205
3,3,3,4,2,206
2,3,4,4,2,207
2,2,2,2,2,208
3,3,3,3,2,209
2,2,2,1,2,210
4,3,2,2,2,211
2,2,3,2,2,212
1,1,1,1,2,213
0,0,0,0,2,214
3,3,3,3,2,215
3,3,3,4,2,216
4,4,3,4,2,217
2,2,3,3,2,218
1,1,1,1,2,219
0,0,1,1,2,220
3,3,3,3,2,221
2,2,3,2,2,222
2,2,2,2,2,223
3,3,3,3,2,224
3,2,2,2,2,225
4,2,3,3,2,226
0,0,0,0,2,227
3,2,2,2,2,228
3,2,3,2,2,229
1,1,0,0,2,230
0,0,1,1,2,231
2,2,2,2,2,232
2,2,1,1,2,233
0,0,0,0,2,234
2,2,2,2,2,235
2,2,2,2,2,236
1,1,1,1,2,237
3,3,2,2,2,238
2,1,1,1,2,239
2,2,3,3,2,240
2,2,2,2,2,241
0,0,1,1,2,242
3,2,3,2,2,243
2,2,3,2,2,244
1,1,3,3,2,245
3,3,3,3,2,246
3,2,2,2,2,247
2,2,3,3,2,248
2,2,3,2,2,249
3,3,3,2,2,250
3,3,3,2,2,251
1,1,2,1,2,252
2,2,4,3,2,253
0,0,1,1,2,254
3,3,3,3,2,255
1,1,1,1,2,256
1,1,1,1,2,257
0,0,1,1,2,258
3,3,4,3,2,259
3,2,3,3,2,260
2,2,2,2,2,261
3,3,3,2,2,262
3,3,3,3,2,263
3,3,3,3,2,264
1,1,2,1,2,265
2,2,2,2,2,266
2,2,1,1,2,267
1,1,2,1,2,268
3,3,3,2,2,269
3,4,4,4,2,270
1,2,3,1,2,271
1,2,1,1,2,272
1,1,2,2,2,273
0,0,0,0,2,274
3,3,3,2,2,275
1,1,1,1,2,276
2,1,3,3,2,277
2,2,2,2,2,278
3,3,3,3,2,279
4,4,3,4,2,280
0,0,1,1,2,281
2,2,3,2,2,282
3,3,4,4,2,283
1,1,1,1,2,284
4,3,4,4,2,285
3,3,3,3,2,286
2,2,2,2,2,287
3,3,3,2,2,288
3,3,3,2,2,289
4,4,3,3,2,290
3,3,2,2,2,291
0,0,1,0,2,292
3,2,3,2,2,293
1,1,1,1,2,294
2,2,2,1,2,295
2,2,3,3,2,296
2,2,2,2,2,297
3,3,3,3,2,298
0,0,1,1,2,299
3,2,2,2,2,300
0,0,3,1,2,301
3,3,3,3,2,302
0,0,0,0,2,303
1,1,3,2,2,304
2,2,3,3,2,305
3,2,3,2,2,306
1,1,1,1,2,307
1,1,2,1,2,308
2,2,2,2,2,309
2,2,2,2,2,310
2,2,3,3,2,311
0,0,0,0,2,312
1,0,0,0,2,313
3,2,2,2,2,314
2,2,3,3,2,315
2,2,2,2,2,316
2,2,3,2,2,317
3,3,3,3,2,318
2,2,3,2,2,319
4,3,2,2,2,320
3,3,3,2,2,321
2,2,2,2,2,322
1,1,1,1,2,323
2,2,1,2,2,324
2,2,2,2,2,325
1,1,3,2,2,326
1,1,3,1,2,327
2,2,2,2,2,328
0,0,1,1,2,329
0,0,0,0,2,330
1,1,1,1,2,331
2,2,3,3,2,332
2,2,2,2,2,333
1,0,2,1,2,334
0,0,2,1,2,335
1,1,1,1,2,336
1,1,1,1,2,337
2,2,2,2,2,338
1,1,1,1,2,339
2,2,3,2,2,340
2,2,2,2,2,341
3,3,3,3,2,342
0,0,0,0,2,343
4,3,2,2,2,344
1,1,2,1,2,345
0,0,1,1,2,346
3,2,1,1,2,347
1,1,1,1,2,348
2,2,2,2,2,349
1,1,1,1,2,350
1,1,1,1,2,351
1,1,1,1,2,352
2,2,2,2,2,353
3,2,1,1,2,354
2,2,2,2,2,355
3,3,3,3,2,356
1,1,1,1,2,357
0,0,0,0,2,358
1,1,2,1,2,359
1,1,1,1,2,360
1,1,2,1,2,361
3,3,3,3,2,362
1,1,1,1,2,363
2,1,2,2,2,364
2,2,2,1,2,365
2,2,1,1,2,366
1,2,3,3,2,367
3,3,3,3,2,368
1,1,1,1,2,369
1,1,1,1,2,370
1,1,3,2,2,371
4,3,3,3,2,372
3,2,2,2,2,373
2,2,2,2,2,374
2,2,2,2,2,375
3,3,3,2,2,376
2,2,3,2,2,377
3,3,3,3,2,378
0,1,2,1,2,379
3,2,3,2,2,380
3,3,2,2,2,381
3,3,3,3,2,382
3,3,4,3,2,383
3,2,3,2,2,384
3,3,3,3,2,385
3,3,3,4,2,386
1,1,2,1,2,387
2,2,2,2,2,388
1,1,3,3,2,389
3,3,3,3,2,390
1,1,1,1,2,391
2,2,3,2,2,392
3,2,3,2,2,393
0,0,1,1,2,394
1,2,1,1,2,395
3,3,4,3,2,396
3,3,3,3,2,397
3,2,3,3,2,398
4,3,3,3,2,399
1,1,1,1,2,400
1,1,2,1,2,401
0,0,0,0,2,402
2,2,2,2,2,403
1,1,2,2,2,404
0,0,0,0,2,405
3,3,3,3,2,406
2,2,2,2,2,407
2,2,3,2,2,408
1,1,2,1,2,409
0,0,1,0,2,410
1,1,3,2,2,411
1,1,2,1,2,412
2,2,2,2,2,413
2,1,1,1,2,414
2,2,1,1,2,415
2,2,2,2,2,416
2,2,2,2,2,417
1,1,1,1,2,418
3,3,3,3,2,419
3,2,2,2,2,420
0,0,1,1,2,421
3,2,2,2,2,422
2,2,2,2,2,423
2,2,2,1,2,424
3,3,3,2,2,425
3,2,3,2,2,426
2,2,2,2,2,427
1,1,2,2,2,428
1,1,0,1,2,429
2,2,2,2,2,430
0,0,1,1,2,431
4,3,4,4,2,432
2,3,3,3,2,433
1,1,1,1,2,434
1,1,2,1,2,435
2,2,2,2,2,436
1,1,3,2,2,437
1,2,3,2,2,438
3,3,3,3,2,439
1,1,3,2,2,440
1,1,3,2,2,441
2,2,2,2,2,442
3,3,3,3,2,443
2,2,2,2,2,444
3,3,3,3,2,445
0,0,1,1,2,446
2,2,3,3,2,447
3,3,3,3,2,448
1,1,2,1,2,449
2,2,2,2,2,450
3,3,3,3,2,451
2,3,3,2,2,452
2,2,3,3,2,453
2,2,2,1,2,454
0,0,0,0,2,455
4,3,3,4,2,456
1,1,0,0,2,457
3,3,3,3,2,458
3,3,3,2,2,459
2,2,3,2,2,460
2,2,2,2,2,461
1,0,0,0,2,462
3,3,3,3,2,463
3,3,2,2,2,464
3,2,2,2,2,465
3,2,2,2,2,466
2,2,2,2,2,467
3,2,2,2,2,468
1,1,2,2,2,469
2,2,2,2,2,470
1,1,0,0,2,471
1,1,2,1,2,472
1,1,2,1,2,473
2,2,3,2,2,474
0,0,0,0,2,475
1,1,1,1,2,476
1,1,1,1,2,477
1,1,3,2,2,478
0,0,1,1,2,479
3,3,2,2,2,480
2,2,2,2,2,481
2,1,2,1,2,482
1,1,1,1,2,483
3,3,3,3,2,484
0,0,0,0,2,485
1,1,1,1,2,486
1,1,1,1,2,487
1,1,1,1,2,488
2,2,2,2,2,489
3,3,2,2,2,490
3,2,2,2,2,491
1,1,2,3,2,492
3,2,2,2,2,493
3,3,3,3,2,494
2,2,1,1,2,495
0,0,2,1,2,496
0,0,1,1,2,497
3,2,3,3,2,498
3,3,3,3,2,499
1,1,1,1,2,500
1,1,2,1,2,501
2,2,2,2,2,502
2,2,2,2,2,503
2,2,2,2,2,504
1,1,0,0,2,505
2,2,2,2,2,506
1,1,1,1,2,507
2,2,2,2,2,508
0,0,0,0,2,509
2,2,2,1,2,510
1,1,1,2,2,511
1,2,1,1,2,512
3,2,2,2,2,513
1,1,2,1,2,514
1,1,1,1,2,515
0,0,1,1,2,516
3,3,3,3,2,517
3,3,3,3,2,518
3,3,3,3,2,519
3,3,3,3,2,520
0,0,2,1,2,521
2,2,2,2,2,522
2,2,2,2,2,523
2,2,2,2,2,524
3,2,2,2,2,525
3,3,3,2,2,526
2,2,2,2,2,527
2,2,3,2,2,528
3,2,2,2,2,529
2,2,2,2,2,530
3,2,2,2,2,531
3,3,3,3,2,532
3,2,2,1,2,533
0,0,1,1,2,534
3,4,4,4,2,535
0,0,0,0,2,536
3,3,3,3,2,537
3,3,3,3,2,538
1,1,2,1,2,539
2,2,2,2,2,540
1,1,1,1,2,541
1,1,3,2,2,542
2,2,2,2,2,543
2,2,2,2,2,544
1,1,1,1,2,545
3,2,2,2,2,546
3,3,3,3,2,547
2,2,2,2,2,548
3,2,3,2,2,549
2,2,2,2,2,550
2,2,2,2,2,551
3,3,3,3,2,552
3,2,2,2,2,553
3,2,2,2,2,554
1,1,2,2,2,555
2,2,3,2,2,556
3,2,3,2,2,557
3,2,2,2,2,558
3,2,2,2,2,559
0,0,0,0,2,560
4,4,3,3,2,561
4,4,3,3,2,562
2,1,2,1,2,563
1,1,1,1,2,564
3,2,3,2,2,565
2,2,2,2,2,566
1,1,2,1,2,567
3,2,2,2,2,568
2,2,2,2,2,569
3,3,2,2,2,570
3,3,3,3,2,571
1,1,2,2,2,572
2,2,2,2,2,573
1,1,2,2,2,574
3,3,3,3,2,575
0,0,2,2,2,576
2,2,3,2,2,577
2,2,3,3,2,578
1,1,3,2,2,579
0,0,0,0,2,580
2,2,2,2,2,581
1,1,2,1,2,582
1,1,2,1,2,583
2,2,2,2,2,584
0,0,1,1,2,585
2,2,1,2,2,586
1,1,1,2,2,587
0,0,0,0,2,588
2,2,2,2,2,589
4,4,3,4,2,590
0,1,2,1,2,591
2,2,2,2,2,592
2,2,2,2,2,593
1,1,2,2,2,594
1,1,1,1,2,595
2,2,2,2,2,596
3,3,3,2,2,597
0,0,1,1,2,598
3,2,2,2,2,599
2,2,3,2,2,600
3,3,3,3,2,601
4,3,3,3,2,602
0,0,0,0,2,603
3,2,2,2,2,604
2,2,2,2,2,605
3,3,3,3,2,606
1,1,0,0,2,607
1,1,1,1,2,608
2,2,2,2,2,609
2,2,2,2,2,610
2,2,2,2,2,611
2,2,2,2,2,612
2,2,2,2,2,613
4,3,2,2,2,614
3,3,3,3,2,615
1,1,2,1,2,616
2,2,2,2,2,617
2,2,2,1,2,618
0,0,1,1,2,619
0,0,2,2,2,620
2,2,2,2,2,621
0,0,1,1,2,622
0,0,1,1,2,623
1,2,2,2,2,624
4,3,3,3,2,625
2,2,2,3,2,626
1,1,2,1,2,627
3,2,3,2,2,628
3,3,2,2,2,629
1,1,1,1,2,630
0,0,0,0,2,631
0,0,3,2,2,632
3,3,3,3,2,633
3,3,3,3,2,634
3,3,3,3,2,635
3,3,3,3,2,636
0,1,2,3,2,637
2,2,3,2,2,638
1,1,2,1,2,639
2,2,2,2,2,640
1,1,1,2,2,641
1,1,2,2,2,642
0,0,0,0,2,643
2,2,3,2,2,644
2,2,2,2,2,645
2,3,3,2,2,646
4,3,3,3,2,647
0,0,1,1,2,648
0,1,3,3,2,649
2,2,2,2,2,650
1,1,2,1,2,651
3,2,3,2,2,652
3,3,3,3,2,653
0,0,1,1,2,654
2,2,2,2,2,655
0,0,1,1,2,656
1,1,1,1,2,657
0,0,1,1,2,658
1,1,1,1,2,659
2,2,2,2,2,660
3,3,3,3,2,661
2,3,3,2,2,662
3,3,3,3,2,663
3,3,2,3,2,664
2,2,2,1,2,665
0,0,1,0,2,666
3,2,3,2,2,667
2,3,3,2,2,668
1,1,1,1,2,669
2,2,3,3,2,670
2,2,2,2,2,671
3,2,3,3,2,672
0,0,1,1,2,673
3,3,3,3,2,674
1,1,1,1,2,675
3,2,3,2,2,676
2,2,2,2,2,677
2,2,2,2,2,678
2,2,2,2,2,679
2,2,3,2,2,680
3,3,3,3,2,681
3,3,3,2,2,682
1,1,1,1,2,683
3,3,3,2,2,684
0,0,0,0,2,685
2,2,2,2,2,686
2,2,2,2,2,687
3,3,3,3,2,688
1,1,1,1,2,689
0,1,2,2,2,690
4,3,3,3,2,691
2,2,3,2,2,692
3,3,2,2,2,693
2,2,3,2,2,694
2,2,2,1,2,695
1,1,1,1,2,696
2,2,3,2,2,697
3,3,3,2,2,698
0,0,0,0,2,699
0,0,0,0,2,700
4,3,2,2,2,701
1,1,1,1,2,702
3,3,3,3,2,703
0,0,0,0,2,704
2,2,2,2,2,705
3,3,2,2,2,706
0,0,1,1,2,707
3,3,3,3,2,708
3,2,2,2,2,709
4,3,3,3,2,710
4,4,4,4,2,711
1,1,1,1,2,712
3,2,2,2,2,713
2,2,2,2,2,714
2,2,2,2,2,715
2,2,3,2,2,716
2,2,2,2,2,717
3,3,3,3,2,718
1,1,1,1,2,719
0,0,0,0,2,720
0,0,1,1,2,721
2,2,2,2,2,722
2,2,2,2,2,723
4,3,2,3,2,724
2,2,3,2,2,725
2,2,2,2,2,726
2,2,2,1,2,727
2,1,1,2,2,728
0,0,1,1,2,729
1,1,1,1,2,730
3,2,3,2,2,731
1,1,1,1,2,732
2,2,3,2,2,733
3,3,3,3,2,734
3,3,3,3,2,735
2,2,2,2,2,736
3,2,2,2,2,737
2,2,2,2,2,738
3,3,3,3,2,739
3,3,2,2,2,740
3,3,3,3,2,741
3,3,3,3,2,742
1,1,3,2,2,743
1,1,3,2,2,744
2,2,2,2,2,745
3,3,3,4,2,746
0,0,1,1,2,747
0,0,0,0,2,748
2,2,2,2,2,749
3,2,2,2,2,750
1,1,3,2,2,751
0,0,1,0,2,752
1,1,1,1,2,753
2,2,3,2,2,754
2,2,2,2,2,755
0,0,1,1,2,756
1,1,1,1,2,757
3,3,2,3,2,758
1,1,2,2,2,759
1,1,1,1,2,760
2,2,2,2,2,761
2,2,2,3,2,762
2,1,1,2,2,763
2,2,3,2,2,764
3,2,2,2,2,765
3,2,3,3,2,766
0,1,2,1,2,767
1,1,1,1,2,768
2,2,2,2,2,769
1,2,1,2,2,770
1,1,2,1,2,771
3,2,2,3,2,772
2,2,2,3,2,773
2,2,2,2,2,774
2,1,2,2,2,775
2,2,2,2,2,776
3,4,3,4,2,777
3,3,3,2,2,778
0,0,1,1,2,779
3,2,2,2,2,780
1,1,2,1,2,781
4,3,3,3,2,782
1,1,1,1,2,783
3,2,2,2,2,784
0,0,0,0,2,785
2,2,3,2,2,786
0,0,1,1,2,787
3,3,3,3,2,788
3,2,3,3,2,789
2,2,2,2,2,790
3,3,3,3,2,791
3,3,3,3,2,792
2,2,2,2,2,793
3,2,2,2,2,794
1,1,1,1,2,795
1,1,1,1,2,796
1,1,2,2,2,797
3,3,2,2,2,798
2,2,2,2,2,799
4,4,2,3,2,800
1,2,1,2,2,801
1,1,1,1,2,802
1,1,3,2,2,803
2,2,2,2,2,804
1,1,3,2,2,805
4,3,2,2,2,806
0,0,1,1,2,807
3,2,3,3,2,808
2,2,3,3,2,809
2,2,2,2,2,810
2,2,2,2,2,811
2,2,2,2,2,812
2,2,2,2,2,813
1,1,1,1,2,814
1,1,1,1,2,815
2,2,2,2,2,816
2,2,2,2,2,817
3,3,3,3,2,818
2,2,2,1,2,819
0,0,1,1,2,820
1,1,2,1,2,821
2,2,2,2,2,822
2,2,2,2,2,823
2,2,2,1,2,824
3,2,3,2,2,825
3,3,3,3,2,826
4,3,3,3,2,827
1,1,3,3,2,828
2,2,3,3,2,829
0,1,3,2,2,830
2,2,2,2,2,831
1,1,2,1,2,832
3,3,3,3,2,833
2,2,2,1,2,834
2,2,3,2,2,835
1,1,2,1,2,836
3,3,3,2,2,837
2,2,2,2,2,838
1,1,2,1,2,839
3,4,4,4,2,840
2,2,1,1,2,841
2,2,2,2,2,842
0,0,1,1,2,843
1,1,1,1,2,844
2,2,2,2,2,845
1,1,1,1,2,846
2,2,2,2,2,847
0,0,1,1,2,848
2,2,2,1,2,849
2,2,2,2,2,850
2,2,2,2,2,851
0,0,2,1,2,852
2,2,2,2,2,853
0,0,1,1,2,854
1,1,1,1,2,855
2,2,2,2,2,856
3,3,3,3,2,857
0,0,2,2,2,858
2,2,2,2,2,859
2,2,2,2,2,860
2,2,2,1,2,861
2,2,2,2,2,862
0,0,1,1,2,863
1,1,1,1,2,864
0,0,0,0,2,865
3,3,3,3,2,866
2,2,2,2,2,867
3,3,3,3,2,868
3,3,3,4,2,869
4,3,3,3,2,870
3,3,3,3,2,871
2,2,2,2,2,872
1,1,2,1,2,873
3,3,3,3,2,874
2,2,2,2,2,875
1,1,1,1,2,876
0,0,0,0,2,877
0,0,1,1,2,878
0,0,0,0,2,879
3,3,3,3,2,880
3,3,3,2,2,881
1,1,1,1,2,882
3,2,2,2,2,883
0,0,1,1,2,884
3,3,2,2,2,885
3,3,2,2,2,886
3,2,2,2,2,887
0,0,2,1,2,888
1,1,1,1,2,889
2,2,2,2,2,890
0,1,3,3,2,891
3,2,2,2,2,892
2,2,2,2,2,893
0,0,2,1,2,894
2,2,2,2,2,895
3,2,2,2,2,896
2,2,2,2,2,897
3,2,3,2,2,898
2,2,2,2,2,899
2,2,2,2,2,900
1,1,2,1,2,901
1,1,2,2,2,902
0,0,1,1,2,903
2,2,2,2,2,904
2,2,2,2,2,905
2,2,2,2,2,906
0,0,0,0,2,907
3,3,3,3,2,908
2,2,1,2,2,909
1,1,1,1,2,910
2,2,2,2,2,911
3,2,2,2,2,912
3,3,3,2,2,913
0,0,1,1,2,914
3,3,3,3,2,915
3,2,2,2,2,916
3,2,2,2,2,917
3,2,3,2,2,918
2,2,3,2,2,919
1,1,1,1,2,920
4,3,3,3,2,921
3,3,3,3,2,922
3,3,2,3,2,923
2,2,2,2,2,924
3,2,3,2,2,925
1,1,2,1,2,926
1,1,2,2,2,927
2,2,2,2,2,928
2,2,2,2,2,929
3,3,3,3,2,930
1,1,1,1,2,931
1,1,2,1,2,932
1,1,1,1,2,933
2,2,2,2,2,934
1,1,2,2,2,935
1,1,1,1,2,936
2,2,2,2,2,937
3,2,2,2,2,938
2,2,3,3,2,939
2,2,2,2,2,940
1,2,3,2,2,941
2,2,2,2,2,942
0,0,1,1,2,943
0,0,1,1,2,944
2,2,2,2,2,945
0,0,1,1,2,946
1,1,2,2,2,947
1,1,2,2,2,948
0,0,0,0,2,949
0,0,1,1,2,950
0,0,1,1,2,951
3,3,3,3,2,952
2,2,2,2,2,953
0,0,0,0,2,954
2,2,2,2,2,955
1,1,2,1,2,956
1,1,2,2,2,957
2,2,2,2,2,958
2,2,3,2,2,959
1,1,1,1,2,960
1,1,1,1,2,961
3,2,2,2,2,962
2,2,2,2,2,963
1,1,1,1,2,964
0,0,0,0,2,965
0,0,1,1,2,966
2,2,2,2,2,967
1,1,2,1,2,968
0,0,0,0,2,969
3,2,3,2,2,970
0,0,1,0,2,971
2,2,2,2,2,972
3,3,3,2,2,973
2,2,2,1,2,974
3,3,3,3,2,975
3,2,2,2,2,976
3,3,2,3,2,977
2,2,2,2,2,978
1,1,3,2,2,979
1,1,1,1,2,980
2,2,3,3,2,981
3,2,3,2,2,982
2,2,3,3,2,983
1,1,3,2,2,984
0,0,1,1,2,985
3,3,3,3,2,986
3,2,3,2,2,987
2,2,2,2,2,988
1,1,2,2,2,989
2,2,3,3,2,990
2,2,3,3,2,991
3,3,3,3,2,992
2,2,3,2,2,993
0,0,0,0,2,994
2,2,3,2,2,995
3,3,3,3,2,996
4,3,3,3,2,997
1,1,2,2,2,998
3,3,3,3,2,999
1,1,3,2,2,1000
2,2,2,2,2,1001
2,2,2,3,2,1002
3,3,3,3,2,1003
3,2,3,3,2,1004
1,1,2,2,2,1005
3,3,3,3,2,1006
1,1,1,1,2,1007
3,3,3,2,2,1008
0,0,1,1,2,1009
2,2,2,2,2,1010
2,2,2,2,2,1011
3,3,3,2,2,1012
1,1,1,1,2,1013
2,2,1,1,2,1014
1,1,2,1,2,1015
2,2,2,2,2,1016
2,2,3,2,2,1017
3,2,3,2,2,1018
0,0,2,1,2,1019
3,3,2,3,2,1020
3,3,2,3,2,1021
3,3,3,2,2,1022
1,1,1,1,2,1023
2,2,2,2,2,1024
3,2,3,2,2,1025
2,2,2,2,2,1026
1,2,1,1,2,1027
2,2,2,2,2,1028
3,2,3,2,2,1029
3,2,3,3,2,1030
2,2,2,2,2,1031
1,1,1,1,2,1032
2,2,2,2,2,1033
1,1,2,1,2,1034
2,2,2,2,2,1035
2,2,2,2,2,1036
2,2,2,2,2,1037
0,0,1,1,2,1038
0,0,0,0,2,1039
4,4,3,4,2,1040
2,2,3,3,2,1041
2,2,2,2,2,1042
3,2,3,3,2,1043
1,1,1,1,2,1044
0,1,1,1,2,1045
1,1,1,1,2,1046
0,0,0,0,2,1047
1,1,1,1,2,1048
0,0,0,0,2,1049
3,3,4,4,2,1050
4,3,3,3,2,1051
0,0,2,2,2,1052
1,1,2,1,2,1053
1,1,1,1,2,1054
1,1,2,1,2,1055
0,0,2,2,2,1056
2,3,2,2,2,1057
1,1,3,3,2,1058
2,2,2,2,2,1059
1,1,3,2,2,1060
2,2,2,2,2,1061
3,3,3,3,2,1062
0,0,0,0,2,1063
3,2,3,3,2,1064
1,2,0,0,2,1065
0,0,0,0,2,1066
0,0,2,1,2,1067
1,0,1,1,2,1068
2,2,1,1,2,1069
2,2,2,2,2,1070
3,2,3,3,2,1071
3,2,3,3,2,1072
2,2,2,2,2,1073
1,1,2,1,2,1074
1,1,2,2,2,1075
0,1,2,1,2,1076
4,3,3,3,2,1077
1,1,1,1,2,1078
3,2,2,2,2,1079
2,2,2,1,2,1080
2,2,1,1,2,1081
1,1,1,1,2,1082
2,2,2,2,2,1083
1,1,1,1,2,1084
2,2,2,2,2,1085
2,2,2,2,2,1086
1,2,2,2,2,1087
0,0,0,1,2,1088
3,2,2,2,2,1089
3,2,2,3,2,1090
1,1,1,1,2,1091
2,2,2,2,2,1092
3,2,3,3,2,1093
0,0,0,0,2,1094
3,3,3,3,2,1095
3,3,3,3,2,1096
2,2,3,3,2,1097
2,2,2,2,2,1098
2,2,2,2,2,1099
2,2,2,2,2,1100
2,2,2,2,2,1101
2,2,2,2,2,1102
2,2,2,2,2,1103
3,2,3,3,2,1104
0,0,0,0,2,1105
1,1,3,3,2,1106
3,3,3,3,2,1107
2,2,2,2,2,1108
3,3,3,3,2,1109
2,2,3,3,2,1110
3,3,2,3,2,1111
2,2,2,2,2,1112
3,2,3,3,2,1113
2,2,2,2,2,1114
2,2,1,1,2,1115
3,2,3,2,2,1116
2,2,2,1,2,1117
2,2,2,2,2,1118
2,1,2,2,2,1119
0,0,1,1,2,1120
3,2,2,2,2,1121
3,3,3,3,2,1122
3,3,3,3,2,1123
0,0,1,1,2,1124
3,2,3,3,2,1125
3,2,3,3,2,1126
0,0,0,0,2,1127
0,0,2,2,2,1128
0,0,1,1,2,1129
2,2,3,2,2,1130
3,2,3,3,2,1131
3,2,3,2,2,1132
0,0,0,0,2,1133
3,3,3,3,2,1134
1,1,1,1,2,1135
3,2,2,2,2,1136
2,2,2,2,2,1137
2,2,2,2,2,1138
2,2,3,2,2,1139
2,2,2,2,2,1140
3,3,3,3,2,1141
1,1,2,2,2,1142
1,1,2,2,2,1143
2,1,1,1,2,1144
0,0,0,0,2,1145
2,2,2,2,2,1146
1,1,2,2,2,1147
2,2,2,2,2,1148
2,2,2,2,2,1149
0,0,1,1,2,1150
2,2,2,2,2,1151
3,2,2,2,2,1152
3,3,2,3,2,1153
2,2,2,2,2,1154
0,0,0,0,2,1155
3,3,3,3,2,1156
0,1,2,2,2,1157
1,1,1,1,2,1158
2,2,2,2,2,1159
3,3,3,3,2,1160
4,3,2,3,2,1161
1,1,1,1,2,1162
0,0,0,0,2,1163
2,2,2,2,2,1164
1,1,1,1,2,1165
2,2,2,2,2,1166
2,2,2,2,2,1167
4,3,3,3,2,1168
1,1,2,2,2,1169
2,2,2,2,2,1170
1,1,2,1,2,1171
1,1,2,1,2,1172
2,2,2,2,2,1173
1,1,1,1,2,1174
4,4,3,3,2,1175
0,0,0,0,2,1176
1,1,2,3,2,1177
0,0,1,1,2,1178
1,1,2,1,2,1179
2,2,2,2,2,1180
2,2,2,2,2,1181
2,2,2,2,2,1182
1,1,1,1,2,1183
1,1,2,2,2,1184
1,1,2,1,2,1185
3,3,3,3,2,1186
3,3,3,4,2,1187
1,1,1,1,2,1188
1,1,1,1,2,1189
2,2,2,2,2,1190
1,1,1,1,2,1191
2,1,2,1,2,1192
2,2,2,2,2,1193
0,0,1,1,2,1194
2,2,2,2,2,1195
3,3,3,3,2,1196
3,2,2,3,2,1197
3,3,3,3,2,1198
1,1,2,2,2,1199
0,0,1,1,2,1200
0,0,1,1,2,1201
2,2,2,2,2,1202
0,1,2,1,2,1203
0,0,0,0,2,1204
0,0,0,0,2,1205
2,2,2,3,2,1206
0,0,0,0,2,1207
0,0,2,2,2,1208
3,2,2,3,2,1209
2,2,2,2,2,1210
1,1,1,1,2,1211
2,2,2,2,2,1212
3,3,3,3,2,1213
3,2,2,3,2,1214
3,3,3,3,2,1215
2,2,2,2,2,1216
0,0,1,1,2,1217
3,3,3,3,2,1218
3,3,3,3,2,1219
2,2,1,1,2,1220
1,2,2,2,2,1221
4,3,3,3,2,1222
0,0,1,1,2,1223
2,2,3,3,2,1224
3,3,3,3,2,1225
2,2,1,1,2,1226
2,2,3,3,2,1227
0,0,1,0,2,1228
0,0,0,0,2,1229
1,1,3,2,2,1230
0,0,0,0,2,1231
3,3,3,3,2,1232
1,1,1,1,2,1233
2,2,3,3,2,1234
1,1,1,1,2,1235
3,2,2,2,2,1236
0,0,1,1,2,1237
3,2,3,3,2,1238
2,2,2,2,2,1239
3,3,2,3,2,1240
1,1,2,2,2,1241
2,2,2,2,2,1242
0,1,1,1,2,1243
4,3,3,4,2,1244
0,0,0,0,2,1245
1,1,1,1,2,1246
2,2,3,3,2,1247
2,2,3,4,2,1248
3,3,3,2,2,1249
2,2,2,2,2,1250
2,2,2,2,2,1251
2,2,2,2,2,1252
2,2,2,2,2,1253
1,1,2,1,2,1254
3,3,3,3,2,1255
1,1,1,1,2,1256
2,2,2,2,2,1257
2,2,2,2,2,1258
2,2,2,2,2,1259
3,3,3,3,2,1260
0,1,2,2,2,1261
1,1,1,1,2,1262
0,0,1,1,2,1263
3,2,2,2,2,1264
2,2,2,2,2,1265
3,2,2,2,2,1266
0,0,0,0,2,1267
3,2,2,2,2,1268
0,0,1,1,2,1269
0,0,1,1,2,1270
3,2,2,2,2,1271
1,1,1,1,2,1272
1,1,2,1,2,1273
0,0,0,0,2,1274
1,1,2,2,2,1275
0,0,0,0,2,1276
3,2,2,3,2,1277
1,1,1,1,2,1278
2,2,2,2,2,1279
2,2,2,3,2,1280
2,2,2,2,2,1281
3,2,2,2,2,1282
4,4,3,4,2,1283
1,1,1,1,2,1284
2,2,2,2,2,1285
2,2,2,2,2,1286
2,2,3,3,2,1287
2,2,2,3,2,1288
2,2,2,2,2,1289
3,2,3,3,2,1290
0,0,1,1,2,1291
2,2,2,2,2,1292
0,0,0,0,2,1293
1,1,2,1,2,1294
2,2,2,2,2,1295
2,2,2,2,2,1296
3,3,3,3,2,1297
3,3,3,3,2,1298
3,3,3,3,2,1299
3,3,3,3,2,1300
0,0,1,1,2,1301
3,3,3,3,2,1302
3,3,3,3,2,1303
3,2,2,2,2,1304
3,2,2,2,2,1305
3,2,2,2,2,1306
3,3,3,3,2,1307
1,1,1,2,2,1308
2,2,2,2,2,1309
2,3,2,2,2,1310
2,2,2,2,2,1311
2,2,2,2,2,1312
1,1,2,2,2,1313
0,0,0,0,2,1314
2,2,2,2,2,1315
1,1,1,1,2,1316
1,1,2,1,2,1317
0,0,0,0,2,1318
4,3,3,3,2,1319
3,2,2,2,2,1320
2,2,2,2,2,1321
2,2,2,2,2,1322
3,3,2,3,2,1323
0,0,0,0,2,1324
1,1,2,1,2,1325
2,2,2,2,2,1326
0,0,0,0,2,1327
0,1,1,1,2,1328
2,2,2,2,2,1329
3,3,2,3,2,1330
2,2,2,2,2,1331
0,1,2,1,2,1332
3,2,2,2,2,1333
2,2,2,2,2,1334
2,2,2,2,2,1335
2,2,2,2,2,1336
2,2,2,2,2,1337
4,3,3,4,2,1338
1,1,2,1,2,1339
1,1,1,1,2,1340
3,2,3,3,2,1341
3,3,2,2,2,1342
2,2,2,1,2,1343
0,0,1,1,2,1344
1,1,1,1,2,1345
3,2,3,3,2,1346
2,2,3,3,2,1347
2,2,2,2,2,1348
0,0,0,0,2,1349
2,2,2,2,2,1350
3,2,2,2,2,1351
2,1,1,1,2,1352
0,0,1,0,2,1353
2,2,2,2,2,1354
0,1,1,1,2,1355
0,0,0,0,2,1356
3,3,2,3,2,1357
1,1,3,2,2,1358
3,3,3,3,2,1359
0,0,0,0,2,1360
2,2,2,3,2,1361
1,2,1,1,2,1362
3,3,3,3,2,1363
3,2,2,3,2,1364
2,2,3,3,2,1365
1,1,2,3,2,1366
2,2,2,3,2,1367
3,3,3,3,2,1368
1,1,2,2,2,1369
1,1,3,3,2,1370
2,2,2,3,2,1371
2,2,2,3,2,1372
3,2,2,3,2,1373
3,3,2,3,2,1374
4,3,3,3,2,1375
2,2,2,3,2,1376
2,2,2,2,2,1377
0,0,2,2,2,1378
1,1,2,1,2,1379
2,2,2,3,2,1380
1,2,3,3,2,1381
1,1,3,3,2,1382
2,2,2,3,2,1383
0,0,0,0,2,1384
3,3,3,3,2,1385
3,2,3,3,2,1386
3,2,2,2,2,1387
1,1,2,2,2,1388
2,2,2,2,2,1389
2,2,2,2,2,1390
1,1,2,2,2,1391
2,2,2,2,2,1392
2,2,2,2,2,1393
2,2,2,2,2,1394
3,3,3,3,2,1395
3,3,3,3,2,1396
3,2,3,3,2,1397
0,0,0,0,2,1398
2,2,2,2,2,1399
2,2,2,2,2,1400
1,1,1,1,2,1401
1,1,2,1,2,1402
2,2,2,2,2,1403
3,2,3,3,2,1404
2,2,3,2,2,1405
0,0,0,0,2,1406
3,3,3,3,2,1407
3,3,3,3,2,1408
2,2,3,2,2,1409
2,2,2,2,2,1410
2,2,2,2,2,1411
2,2,3,3,2,1412
2,2,2,2,2,1413
0,0,1,1,2,1414
2,2,2,2,2,1415
2,2,3,3,2,1416
2,2,2,3,2,1417
3,2,2,2,2,1418
1,1,1,1,2,1419
0,0,0,0,2,1420
2,2,2,3,2,1421
3,2,2,2,2,1422
2,2,2,2,2,1423
0,0,1,2,2,1424
3,3,3,3,2,1425
3,3,3,3,2,1426
1,1,3,3,2,1427
0,0,1,1,2,1428
0,0,2,2,2,1429
0,0,3,3,2,1430
1,1,2,3,2,1431
2,2,3,3,2,1432
3,3,3,3,2,1433
2,2,2,2,2,1434
1,1,2,2,2,1435
2,2,2,2,2,1436
2,2,2,2,2,1437
1,1,2,1,2,1438
0,0,1,1,2,1439
2,2,2,2,2,1440
0,0,1,1,2,1441
3,3,3,3,2,1442
2,2,3,3,2,1443
2,2,2,2,2,1444
2,2,2,2,2,1445
0,0,1,2,2,1446
2,2,2,2,2,1447
3,3,3,3,2,1448
1,1,1,1,2,1449
3,3,3,3,2,1450
1,2,2,2,2,1451
1,2,1,2,2,1452
2,2,2,2,2,1453
2,2,2,3,2,1454
2,2,2,2,2,1455
1,1,2,2,2,1456
0,0,0,0,2,1457
2,2,2,2,2,1458
2,2,2,2,2,1459
1,1,3,3,2,1460
3,2,3,2,2,1461
4,4,3,3,2,1462
1,1,1,1,2,1463
3,3,3,3,2,1464
1,2,2,2,2,1465
2,2,3,3,2,1466
2,2,3,3,2,1467
1,2,2,2,2,1468
0,0,0,0,2,1469
2,2,3,3,2,1470
1,1,1,1,2,1471
3,2,2,2,2,1472
3,2,3,3,2,1473
2,2,2,3,2,1474
1,1,2,1,2,1475
0,0,0,0,2,1476
4,3,3,3,2,1477
3,2,2,2,2,1478
2,2,2,2,2,1479
3,2,2,2,2,1480
2,2,2,2,2,1481
4,4,3,4,2,1482
1,1,1,1,2,1483
2,2,2,2,2,1484
3,2,2,3,2,1485
2,2,2,2,2,1486
2,2,2,2,2,1487
3,3,3,3,2,1488
1,1,1,1,2,1489
3,3,3,3,2,1490
4,3,2,3,2,1491
2,2,2,2,2,1492
2,2,2,3,2,1493
1,1,2,2,2,1494
1,2,2,2,2,1495
1,1,1,1,2,1496
2,2,3,3,2,1497
2,2,3,3,2,1498
4,2,3,3,2,1499
3,2,2,2,2,1500
0,0,1,1,2,1501
0,0,0,0,2,1502
1,1,2,2,2,1503
0,0,2,2,2,1504
2,2,2,3,2,1505
1,1,2,2,2,1506
3,3,3,3,2,1507
4,3,2,3,2,1508
3,2,2,2,2,1509
3,2,2,2,2,1510
1,1,1,1,2,1511
2,2,2,2,2,1512
2,2,2,2,2,1513
2,2,3,3,2,1514
3,2,1,1,2,1515
3,3,3,3,2,1516
4,4,3,4,2,1517
2,2,3,3,2,1518
1,1,2,3,2,1519
2,2,3,3,2,1520
2,2,2,2,2,1521
1,1,2,3,2,1522
0,0,1,1,2,1523
0,0,2,2,2,1524
2,2,2,2,2,1525
0,0,0,0,2,1526
1,1,2,2,2,1527
0,0,1,1,2,1528
1,1,3,3,2,1529
2,2,2,2,2,1530
2,2,3,3,2,1531
1,1,1,1,2,1532
2,2,3,2,2,1533
2,2,2,2,2,1534
3,2,2,2,2,1535
2,2,2,2,2,1536
3,3,3,3,2,1537
2,2,3,2,2,1538
0,0,0,0,2,1539
1,1,1,1,2,1540
0,0,0,0,2,1541
2,2,2,2,2,1542
1,1,2,2,2,1543
1,1,1,1,2,1544
1,1,1,1,2,1545
4,3,3,3,2,1546
1,2,2,2,2,1547
1,1,1,1,2,1548
0,1,2,1,2,1549
1,1,1,1,2,1550
2,2,2,2,2,1551
3,3,3,3,2,1552
3,4,3,4,2,1553
3,3,3,3,2,1554
1,1,3,2,2,1555
1,1,1,1,2,1556
2,2,2,2,2,1557
1,1,2,1,2,1558
2,2,2,2,2,1559
0,0,0,0,2,1560
1,1,2,2,2,1561
1,1,1,1,2,1562
3,2,3,3,2,1563
2,2,2,2,2,1564
0,0,1,1,2,1565
3,2,3,3,2,1566
2,2,2,1,2,1567
2,2,2,2,2,1568
2,2,2,2,2,1569
1,1,1,1,2,1570
1,1,1,1,2,1571
3,2,2,2,2,1572
3,2,3,3,2,1573
1,1,2,1,2,1574
1,2,2,2,2,1575
2,2,2,2,2,1576
0,0,0,0,2,1577
2,2,2,2,2,1578
0,0,1,1,2,1579
1,1,1,1,2,1580
2,2,2,2,2,1581
1,1,1,1,2,1582
4,2,3,3,2,1583
2,2,1,1,2,1584
2,2,2,1,2,1585
1,1,1,1,2,1586
3,2,2,2,2,1587
2,2,2,2,2,1588
2,2,2,1,2,1589
0,0,1,1,2,1590
1,1,2,1,2,1591
1,1,2,2,2,1592
2,2,3,3,2,1593
3,3,3,3,2,1594
0,0,1,1,2,1595
1,0,0,0,2,1596
3,3,3,3,2,1597
1,1,2,1,2,1598
2,2,2,2,2,1599
2,2,2,3,2,1600
2,2,3,3,2,1601
4,3,3,4,2,1602
3,3,3,3,2,1603
1,1,2,3,2,1604
3,3,2,2,2,1605
1,1,2,2,2,1606
3,2,2,2,2,1607
1,2,1,1,2,1608
3,3,3,3,2,1609
2,2,2,2,2,1610
3,3,3,3,2,1611
3,3,3,2,2,1612
1,1,1,1,2,1613
1,1,3,2,2,1614
2,2,2,3,2,1615
2,2,2,2,2,1616
3,3,3,3,2,1617
3,3,3,3,2,1618
2,2,2,2,2,1619
1,1,2,2,2,1620
1,2,3,3,2,1621
2,2,2,2,2,1622
2,2,2,2,2,1623
1,1,1,1,2,1624
0,1,1,1,2,1625
3,3,3,3,2,1626
4,4,3,4,2,1627
3,2,3,3,2,1628
2,2,2,2,2,1629
1,1,2,2,2,1630
3,2,2,2,2,1631
2,2,3,2,2,1632
2,2,2,3,2,1633
2,3,3,3,2,1634
3,2,2,3,2,1635
2,3,3,3,2,1636
2,2,2,3,2,1637
3,2,2,2,2,1638
0,0,1,1,2,1639
3,3,3,3,2,1640
3,2,2,3,2,1641
1,1,2,2,2,1642
0,0,0,0,2,1643
2,2,1,1,2,1644
1,1,1,1,2,1645
1,1,1,1,2,1646
1,1,2,1,2,1647
3,3,3,3,2,1648
1,1,3,2,2,1649
1,1,0,0,2,1650
2,2,1,2,2,1651
1,1,2,2,2,1652
1,2,3,2,2,1653
2,2,3,2,2,1654
3,2,3,2,2,1655
4,3,3,3,2,1656
3,3,3,3,2,1657
3,2,2,2,2,1658
4,4,3,4,2,1659
0,1,0,0,2,1660
0,1,1,1,2,1661
2,2,2,2,2,1662
2,2,2,1,2,1663
2,1,2,1,2,1664
3,3,3,3,2,1665
2,2,2,2,2,1666
1,2,1,1,2,1667
3,3,3,3,2,1668
1,1,3,2,2,1669
1,1,2,2,2,1670
1,1,3,3,2,1671
2,2,2,3,2,1672
2,2,2,2,2,1673
2,2,2,2,2,1674
1,1,2,1,2,1675
3,2,2,2,2,1676
1,2,2,2,2,1677
1,1,1,1,2,1678
2,2,2,2,2,1679
3,3,2,3,2,1680
2,2,2,2,2,1681
0,1,1,1,2,1682
3,3,3,3,2,1683
0,1,1,1,2,1684
2,2,2,2,2,1685
1,1,2,2,2,1686
2,2,3,3,2,1687
2,2,3,3,2,1688
2,2,3,2,2,1689
1,1,2,2,2,1690
3,2,2,2,2,1691
2,2,3,3,2,1692
3,2,2,2,2,1693
2,2,2,2,2,1694
1,1,1,1,2,1695
2,2,2,2,2,1696
3,4,4,4,2,1697
2,2,2,2,2,1698
2,2,2,2,2,1699
2,2,2,2,2,1700
2,2,3,3,2,1701
3,3,2,2,2,1702
2,2,2,2,2,1703
3,2,2,2,2,1704
2,2,2,2,2,1705
0,0,1,1,2,1706
1,1,1,1,2,1707
3,3,3,3,2,1708
2,2,2,2,2,1709
3,2,2,2,2,1710
1,1,2,2,2,1711
3,3,3,3,2,1712
2,2,2,2,2,1713
3,2,2,3,2,1714
3,3,2,3,2,1715
1,1,2,2,2,1716
2,2,2,2,2,1717
1,1,1,1,2,1718
1,1,2,2,2,1719
1,1,2,2,2,1720
0,1,1,1,2,1721
2,2,2,2,2,1722
3,2,2,3,2,1723
1,1,2,2,2,1724
2,2,2,2,2,1725
0,0,0,0,2,1726
0,0,2,2,2,1727
2,2,3,2,2,1728
0,0,0,0,2,1729
0,0,0,0,2,1730
4,4,3,3,2,1731
2,2,2,2,2,1732
2,2,2,2,2,1733
2,2,3,2,2,1734
2,2,2,2,2,1735
3,3,3,3,2,1736
0,0,0,0,2,1737
3,3,3,3,2,1738
4,3,3,3,2,1739
1,1,2,2,2,1740
2,2,2,2,2,1741
4,3,3,3,2,1742
0,0,0,0,2,1743
1,1,2,2,2,1744
3,3,3,3,2,1745
1,1,3,3,2,1746
3,3,3,3,2,1747
0,0,2,2,2,1748
3,3,2,3,2,1749
3,3,3,3,2,1750
2,3,3,3,2,1751
0,0,2,2,2,1752
3,2,2,3,2,1753
2,2,2,3,2,1754
4,3,3,3,2,1755
3,2,2,3,2,1756
2,2,2,2,2,1757
0,1,2,1,2,1758
2,2,1,1,2,1759
3,3,3,3,2,1760
0,0,1,1,2,1761
1,1,2,2,2,1762
2,2,2,2,2,1763
3,2,2,3,2,1764
0,0,0,0,2,1765
3,2,3,3,2,1766
3,2,2,2,2,1767
0,0,0,0,2,1768
4,3,2,2,2,1769
3,2,2,3,2,1770
3,3,3,3,2,1771
4,2,2,2,2,1772
4,4,4,4,2,1773
2,2,3,3,2,1774
3,2,2,3,2,1775
1,1,2,3,2,1776
3,2,2,3,2,1777
2,2,2,2,2,1778
3,2,3,3,2,1779
1,1,1,1,2,1780
0,0,0,0,2,1781
2,2,3,3,2,1782
3,3,3,3,2,1783
1,2,2,2,2,1784
2,2,2,2,2,1785
2,2,2,3,2,1786
3,2,3,3,2,1787
3,3,3,3,2,1788
3,3,3,3,2,1789
0,0,0,0,2,1790
2,2,2,2,2,1791
0,1,1,1,2,1792
0,1,1,1,2,1793
3,2,3,3,2,1794
1,1,1,1,2,1795
1,1,2,2,2,1796
3,2,2,2,2,1797
1,1,2,2,2,1798
1,1,1,1,2,1799
3,3,3,4,2,1800
3,2,1,1,3,1
0,0,2,1,3,2
3,3,2,2,3,3
1,0,3,2,3,4
2,2,3,3,3,5
0,0,0,0,3,6
0,0,0,0,3,7
0,0,3,2,3,8
2,2,3,2,3,9
1,1,2,0,3,10
3,2,2,2,3,11
1,2,2,2,3,12
3,3,3,3,3,13
2,3,3,3,3,14
2,2,2,2,3,15
2,2,3,2,3,16
1,1,2,2,3,17
0,0,0,0,3,18
3,3,2,2,3,19
2,2,1,1,3,20
3,3,2,2,3,21
1,1,2,1,3,22
3,2,2,1,3,23
3,3,3,3,3,24
2,2,2,1,3,25
0,1,0,0,3,26
0,0,0,0,3,27
1,1,1,1,3,28
2,1,2,2,3,29
1,1,1,1,3,30
2,1,1,1,3,31
0,0,0,0,3,32
0,0,2,1,3,33
3,3,2,2,3,34
0,0,0,0,3,35
1,1,2,2,3,36
1,1,2,1,3,37
3,2,3,3,3,38
1,1,2,1,3,39
2,2,2,1,3,40
1,1,1,1,3,41
1,1,2,1,3,42
1,1,2,1,3,43
2,1,2,2,3,44
2,1,2,2,3,45
0,0,0,0,3,46
0,0,2,2,3,47
1,1,2,1,3,48
0,0,0,0,3,49
0,0,0,1,3,50
1,1,2,2,3,51
3,2,1,1,3,52
3,3,2,2,3,53
0,0,1,0,3,54
2,2,3,3,3,55
2,2,2,2,3,56
0,0,3,2,3,57
1,1,2,2,3,58
1,1,2,1,3,59
1,1,1,1,3,60
2,2,3,2,3,61
3,3,3,3,3,62
2,2,3,3,3,63
1,0,3,2,3,64
0,0,0,0,3,65
2,1,1,1,3,66
0,0,1,1,3,67
0,0,2,2,3,68
3,3,2,1,3,69
0,0,2,2,3,70
2,2,2,2,3,71
1,1,2,1,3,72
0,0,0,0,3,73
2,3,3,3,3,74
2,2,3,2,3,75
1,1,3,2,3,76
2,3,3,3,3,77
2,3,3,3,3,78
1,1,2,2,3,79
0,0,3,2,3,80
3,3,2,2,3,81
2,2,2,2,3,82
0,0,0,0,3,83
0,0,0,0,3,84
1,1,3,2,3,85
0,0,2,2,3,86
0,0,1,1,3,87
3,2,2,2,3,88
3,3,2,3,3,89
1,1,2,2,3,90
0,0,0,0,3,91
1,1,1,1,3,92
2,1,1,1,3,93
0,0,1,1,3,94
0,0,1,0,3,95
2,2,1,0,3,96
1,1,1,1,3,97
3,2,2,2,3,98
1,2,2,3,3,99
2,2,2,2,3,100
1,1,1,2,3,101
0,0,2,1,3,102
0,0,1,0,3,103
2,1,1,1,3,104
1,0,0,0,3,105
1,1,1,1,3,106
1,1,1,1,3,107
0,0,0,0,3,108
2,3,3,3,3,109
0,0,0,0,3,110
2,2,2,2,3,111
0,0,1,0,3,112
3,3,2,2,3,113
2,2,1,2,3,114
2,2,2,2,3,115
0,0,0,0,3,116
2,2,2,2,3,117
0,0,0,0,3,118
2,2,2,2,3,119
2,3,2,2,3,120
2,1,1,1,3,121
0,0,0,0,3,122
1,1,0,0,3,123
2,1,1,1,3,124
1,1,2,1,3,125
1,1,1,1,3,126
1,2,2,0,3,127
0,0,0,0,3,128
2,2,2,2,3,129
1,1,2,1,3,130
1,1,1,1,3,131
1,1,3,2,3,132
1,1,3,3,3,133
1,1,1,1,3,134
0,1,0,0,3,135
0,0,0,0,3,136
2,2,2,2,3,137
1,1,1,1,3,138
1,2,3,3,3,139
2,2,2,2,3,140
1,2,2,1,3,141
2,3,2,1,3,142
1,1,1,1,3,143
0,0,0,0,3,144
0,0,1,0,3,145
0,0,2,1,3,146
1,1,2,2,3,147
0,0,0,0,3,148
1,1,3,2,3,149
3,2,1,1,3,150
2,2,2,2,3,151
0,1,1,0,3,152
1,1,1,1,3,153
0,0,1,1,3,154
3,2,2,2,3,155
0,0,0,0,3,156
2,1,2,2,3,157
1,0,2,3,3,158
1,1,2,2,3,159
1,1,1,1,3,160
2,3,2,3,3,161
0,0,0,0,3,162
0,0,2,1,3,163
1,1,1,1,3,164
0,0,1,0,3,165
0,0,0,0,3,166
3,2,2,2,3,167
0,0,0,0,3,168
0,0,0,0,3,169
1,1,1,1,3,170
0,0,2,2,3,171
0,0,0,0,3,172
2,3,2,3,3,173
0,0,0,0,3,174
0,0,0,0,3,175
1,1,1,1,3,176
1,0,0,0,3,177
1,1,1,1,3,178
0,0,0,0,3,179
2,3,3,3,3,180
0,0,0,0,3,181
0,0,2,1,3,182
1,1,2,2,3,183
2,2,3,3,3,184
2,1,2,1,3,185
0,1,2,1,3,186
2,2,2,2,3,187
2,2,2,2,3,188
2,2,3,2,3,189
0,0,0,0,3,190
2,1,2,2,3,191
1,1,1,1,3,192
3,3,1,1,3,193
1,1,1,1,3,194
3,3,3,2,3,195
0,0,0,0,3,196
1,1,1,1,3,197
1,1,1,1,3,198
2,2,1,1,3,199
0,0,0,0,3,200
1,1,1,1,3,201
0,0,0,0,3,202
1,1,2,2,3,203
2,2,2,2,3,204
3,2,2,2,3,205
2,2,2,3,3,206
1,2,3,3,3,207
1,1,1,1,3,208
2,2,2,2,3,209
1,1,1,0,3,210
3,2,1,1,3,211
1,1,2,1,3,212
0,0,0,0,3,213
0,0,0,0,3,214
2,2,2,2,3,215
2,2,2,3,3,216
3,3,2,3,3,217
1,1,2,2,3,218
0,0,0,0,3,219
0,0,0,0,3,220
2,2,2,2,3,221
1,1,2,1,3,222
1,1,1,1,3,223
2,2,2,2,3,224
2,1,1,1,3,225
3,1,2,2,3,226
0,0,0,0,3,227
2,1,1,1,3,228
2,1,2,1,3,229
0,0,0,0,3,230
0,0,0,0,3,231
1,1,1,1,3,232
1,1,0,0,3,233
0,0,0,0,3,234
1,1,1,1,3,235
1,1,1,1,3,236
0,0,0,0,3,237
2,2,1,1,3,238
1,0,0,0,3,239
1,1,2,2,3,240
1,1,1,1,3,241
0,0,0,0,3,242
2,1,2,1,3,243
1,1,2,1,3,244
0,0,2,2,3,245
2,2,2,2,3,246
2,1,1,1,3,247
1,1,2,2,3,248
1,1,2,1,3,249
2,2,2,1,3,250
2,2,2,1,3,251
0,0,1,0,3,252
1,1,3,2,3,253
0,0,0,0,3,254
2,2,2,2,3,255
0,0,0,0,3,256
0,0,0,0,3,257
0,0,0,0,3,258
2,2,3,2,3,259
2,1,2,2,3,260
1,1,1,1,3,261
2,2,2,1,3,262
2,2,2,2,3,263
2,2,2,2,3,264
0,0,1,0,3,265
1,1,1,1,3,266
1,1,0,0,3,267
0,0,1,0,3,268
2,2,2,1,3,269
2,3,3,3,3,270
0,1,2,0,3,271
0,1,0,0,3,272
0,0,1,1,3,273
0,0,0,0,3,274
2,2,2,1,3,275
0,0,0,0,3,276
1,0,2,2,3,277
1,1,1,1,3,278
2,2,2,2,3,279
3,3,2,3,3,280
0,0,0,0,3,281
1,1,2,1,3,282
2,2,3,3,3,283
0,0,0,0,3,284
3,2,3,3,3,285
2,2,2,2,3,286
1,1,1,1,3,287
2,2,2,1,3,288
2,2,2,1,3,289
3,3,2,2,3,290
2,2,1,1,3,291
0,0,0,0,3,292
2,1,2,1,3,293
0,0,0,0,3,294
1,1,1,0,3,295
1,1,2,2,3,296
1,1,1,1,3,297
2,2,2,2,3,298
0,0,0,0,3,299
2,1,1,1,3,300
0,0,2,0,3,301
2,2,2,2,3,302
0,0,0,0,3,303
0,0,2,1,3,304
1,1,2,2,3,305
2,1,2,1,3,306
0,0,0,0,3,307
0,0,1,0,3,308
1,1,1,1,3,309
1,1,1,1,3,310
1,1,2,2,3,311
0,0,0,0,3,312
0,0,0,0,3,313
2,1,1,1,3,314
1,1,2,2,3,315
1,1,1,1,3,316
1,1,2,1,3,317
2,2,2,2,3,318
1,1,2,1,3,319
3,2,1,1,3,320
2,2,2,1,3,321
1,1,1,1,3,322
0,0,0,0,3,323
1,1,0,1,3,324
1,1,1,1,3,325
0,0,2,1,3,326
0,0,2,0,3,327
1,1,1,1,3,328
0,0,0,0,3,329
0,0,0,0,3,330
0,0,0,0,3,331
1,1,2,2,3,332
1,1,1,1,3,333
0,0,1,0,3,334
0,0,1,0,3,335
0,0,0,0,3,336
0,0,0,0,3,337
1,1,1,1,3,338
0,0,0,0,3,339
1,1,2,1,3,340
1,1,1,1,3,341
2,2,2,2,3,342
0,0,0,0,3,343
3,2,1,1,3,344
0,0,1,0,3,345
0,0,0,0,3,346
2,1,0,0,3,347
0,0,0,0,3,348
1,1,1,1,3,349
0,0,0,0,3,350
0,0,0,0,3,351
0,0,0,0,3,352
1,1,1,1,3,353
2,1,0,0,3,354
1,1,1,1,3,355
2,2,2,2,3,356
0,0,0,0,3,357
0,0,0,0,3,358
0,0,1,0,3,359
0,0,0,0,3,360
0,0,1,0,3,361
2,2,2,2,3,362
0,0,0,0,3,363
1,0,1,1,3,364
1,1,1,0,3,365
1,1,0,0,3,366
0,1,2,2,3,367
2,2,2,2,3,368
0,0,0,0,3,369
0,0,0,0,3,370
0,0,2,1,3,371
3,2,2,2,3,372
2,1,1,1,3,373
1,1,1,1,3,374
1,1,1,1,3,375
2,2,2,1,3,376
1,1,2,1,3,377
2,2,2,2,3,378
0,0,1,0,3,379
2,1,2,1,3,380
2,2,1,1,3,381
2,2,2,2,3,382
2,2,3,2,3,383
2,1,2,1,3,384
2,2,2,2,3,385
2,2,2,3,3,386
0,0,1,0,3,387
1,1,1,1,3,388
0,0,2,2,3,389
2,2,2,2,3,390
0,0,0,0,3,391
1,1,2,1,3,392
2,1,2,1,3,393
0,0,0,0,3,394
0,1,0,0,3,395
2,2,3,2,3,396
2,2,2,2,3,397
2,1,2,2,3,398
3,2,2,2,3,399
0,0,0,0,3,400
0,0,1,0,3,401
0,0,0,0,3,402
1,1,1,1,3,403
0,0,1,1,3,404
0,0,0,0,3,405
2,2,2,2,3,406
1,1,1,1,3,407
1,1,2,1,3,408
0,0,1,0,3,409
0,0,0,0,3,410
0,0,2,1,3,411
0,0,1,0,3,412
1,1,1,1,3,413
1,0,0,0,3,414
1,1,0,0,3,415
1,1,1,1,3,416
1,1,1,1,3,417
0,0,0,0,3,418
2,2,2,2,3,419
2,1,1,1,3,420
0,0,0,0,3,421
2,1,1,1,3,422
1,1,1,1,3,423
1,1,1,0,3,424
2,2,2,1,3,425
2,1,2,1,3,426
1,1,1,1,3,427
0,0,1,1,3,428
0,0,0,0,3,429
1,1,1,1,3,430
0,0,0,0,3,431
3,2,3,3,3,432
1,2,2,2,3,433
0,0,0,0,3,434
0,0,1,0,3,435
1,1,1,1,3,436
0,0,2,1,3,437
0,1,2,1,3,438
2,2,2,2,3,439
0,0,2,1,3,440
0,0,2,1,3,441
1,1,1,1,3,442
2,2,2,2,3,443
1,1,1,1,3,444
2,2,2,2,3,445
0,0,0,0,3,446
1,1,2,2,3,447
2,2,2,2,3,448
0,0,1,0,3,449
1,1,1,1,3,450
2,2,2,2,3,451
1,2,2,1,3,452
1,1,2,2,3,453
1,1,1,0,3,454
0,0,0,0,3,455
3,2,2,3,3,456
0,0,0,0,3,457
2,2,2,2,3,458
2,2,2,1,3,459
1,1,2,1,3,460
1,1,1,1,3,461
0,0,0,0,3,462
2,2,2,2,3,463
2,2,1,1,3,464
2,1,1,1,3,465
2,1,1,1,3,466
1,1,1,1,3,467
2,1,1,1,3,468
0,0,1,1,3,469
1,1,1,1,3,470
0,0,0,0,3,471
0,0,1,0,3,472
0,0,1,0,3,473
1,1,2,1,3,474
0,0,0,0,3,475
0,0,0,0,3,476
0,0,0,0,3,477
0,0,2,1,3,478
0,0,0,0,3,479
2,2,1,1,3,480
1,1,1,1,3,481
1,0,1,0,3,482
0,0,0,0,3,483
2,2,2,2,3,484
0,0,0,0,3,485
0,0,0,0,3,486
0,0,0,0,3,487
0,0,0,0,3,488
1,1,1,1,3,489
2,2,1,1,3,490
2,1,1,1,3,491
0,0,1,2,3,492
2,1,1,1,3,493
2,2,2,2,3,494
1,1,0,0,3,495
0,0,1,0,3,496
0,0,0,0,3,497
2,1,2,2,3,498
2,2,2,2,3,499
0,0,0,0,3,500
0,0,1,0,3,501
1,1,1,1,3,502
1,1,1,1,3,503
1,1,1,1,3,504
0,0,0,0,3,505
1,1,1,1,3,506
0,0,0,0,3,507
1,1,1,1,3,508
0,0,0,0,3,509
1,1,1,0,3,510
0,0,0,1,3,511
0,1,0,0,3,512
2,1,1,1,3,513
0,0,1,0,3,514
0,0,0,0,3,515
0,0,0,0,3,516
2,2,2,2,3,517
2,2,2,2,3,518
2,2,2,2,3,519
2,2,2,2,3,520
0,0,1,0,3,521
1,1,1,1,3,522
1,1,1,1,3,523
1,1,1,1,3,524
2,1,1,1,3,525
2,2,2,1,3,526
1,1,1,1,3,527
1,1,2,1,3,528
2,1,1,1,3,529
1,1,1,1,3,530
2,1,1,1,3,531
2,2,2,2,3,532
2,1,1,0,3,533
0,0,0,0,3,534
2,3,3,3,3,535
0,0,0,0,3,536
2,2,2,2,3,537
2,2,2,2,3,538
0,0,1,0,3,539
1,1,1,1,3,540
0,0,0,0,3,541
0,0,2,1,3,542
1,1,1,1,3,543
1,1,1,1,3,544
0,0,0,0,3,545
2,1,1,1,3,546
2,2,2,2,3,547
1,1,1,1,3,548
2,1,2,1,3,549
1,1,1,1,3,550
1,1,1,1,3,551
2,2,2,2,3,552
2,1,1,1,3,553
2,1,1,1,3,554
0,0,1,1,3,555
1,1,2,1,3,556
2,1,2,1,3,557
2,1,1,1,3,558
2,1,1,1,3,559
0,0,0,0,3,560
3,3,2,2,3,561
3,3,2,2,3,562
1,0,1,0,3,563
0,0,0,0,3,564
2,1,2,1,3,565
1,1,1,1,3,566
0,0,1,0,3,567
2,1,1,1,3,568
1,1,1,1,3,569
2,2,1,1,3,570
2,2,2,2,3,571
0,0,1,1,3,572
1,1,1,1,3,573
0,0,1,1,3,574
2,2,2,2,3,575
0,0,1,1,3,576
1,1,2,1,3,577
1,1,2,2,3,578
0,0,2,1,3,579
0,0,0,0,3,580
1,1,1,1,3,581
0,0,1,0,3,582
0,0,1,0,3,583
1,1,1,1,3,584
0,0,0,0,3,585
1,1,0,1,3,586
0,0,0,1,3,587
0,0,0,0,3,588
1,1,1,1,3,589
3,3,2,3,3,590
0,0,1,0,3,591
1,1,1,1,3,592
1,1,1,1,3,593
0,0,1,1,3,594
0,0,0,0,3,595
1,1,1,1,3,596
2,2,2,1,3,597
0,0,0,0,3,598
2,1,1,1,3,599
1,1,2,1,3,600
2,2,2,2,3,601
3,2,2,2,3,602
0,0,0,0,3,603
2,1,1,1,3,604
1,1,1,1,3,605
2,2,2,2,3,606
0,0,0,0,3,607
0,0,0,0,3,608
1,1,1,1,3,609
1,1,1,1,3,610
1,1,1,1,3,611
1,1,1,1,3,612
1,1,1,1,3,613
3,2,1,1,3,614
2,2,2,2,3,615
0,0,1,0,3,616
1,1,1,1,3,617
1,1,1,0,3,618
0,0,0,0,3,619
0,0,1,1,3,620
1,1,1,1,3,621
0,0,0,0,3,622
0,0,0,0,3,623
0,1,1,1,3,624
3,2,2,2,3,625
1,1,1,2,3,626
0,0,1,0,3,627
2,1,2,1,3,628
2,2,1,1,3,629
0,0,0,0,3,630
0,0,0,0,3,631
0,0,2,1,3,632
2,2,2,2,3,633
2,2,2,2,3,634
2,2,2,2,3,635
2,2,2,2,3,636
0,0,1,2,3,637
1,1,2,1,3,638
0,0,1,0,3,639
1,1,1,1,3,640
0,0,0,1,3,641
0,0,1,1,3,642
0,0,0,0,3,643
1,1,2,1,3,644
1,1,1,1,3,645
1,2,2,1,3,646
3,2,2,2,3,647
0,0,0,0,3,648
0,0,2,2,3,649
1,1,1,1,3,650
0,0,1,0,3,651
2,1,2,1,3,652
2,2,2,2,3,653
0,0,0,0,3,654
1,1,1,1,3,655
0,0,0,0,3,656
0,0,0,0,3,657
0,0,0,0,3,658
0,0,0,0,3,659
1,1,1,1,3,660
2,2,2,2,3,661
1,2,2,1,3,662
2,2,2,2,3,663
2,2,1,2,3,664
1,1,1,0,3,665
0,0,0,0,3,666
2,1,2,1,3,667
1,2,2,1,3,668
0,0,0,0,3,669
1,1,2,2,3,670
1,1,1,1,3,671
2,1,2,2,3,672
0,0,0,0,3,673
2,2,2,2,3,674
0,0,0,0,3,675
2,1,2,1,3,676
1,1,1,1,3,677
1,1,1,1,3,678
1,1,1,1,3,679
1,1,2,1,3,680
2,2,2,2,3,681
2,2,2,1,3,682
0,0,0,0,3,683
2,2,2,1,3,684
0,0,0,0,3,685
1,1,1,1,3,686
1,1,1,1,3,687
2,2,2,2,3,688
0,0,0,0,3,689
0,0,1,1,3,690
3,2,2,2,3,691
1,1,2,1,3,692
2,2,1,1,3,693
1,1,2,1,3,694
1,1,1,0,3,695
0,0,0,0,3,696
1,1,2,1,3,697
2,2,2,1,3,698
0,0,0,0,3,699
0,0,0,0,3,700
3,2,1,1,3,701
0,0,0,0,3,702
2,2,2,2,3,703
0,0,0,0,3,704
1,1,1,1,3,705
2,2,1,1,3,706
0,0,0,0,3,707
2,2,2,2,3,708
2,1,1,1,3,709
3,2,2,2,3,710
3,3,3,3,3,711
0,0,0,0,3,712
2,1,1,1,3,713
1,1,1,1,3,714
1,1,1,1,3,715
1,1,2,1,3,716
1,1,1,1,3,717
2,2,2,2,3,718
0,0,0,0,3,719
0,0,0,0,3,720
0,0,0,0,3,721
1,1,1,1,3,722
1,1,1,1,3,723
3,2,1,2,3,724
1,1,2,1,3,725
1,1,1,1,3,726
1,1,1,0,3,727
1,0,0,1,3,728
0,0,0,0,3,729
0,0,0,0,3,730
2,1,2,1,3,731
0,0,0,0,3,732
1,1,2,1,3,733
2,2,2,2,3,734
2,2,2,2,3,735
1,1,1,1,3,736
2,1,1,1,3,737
1,1,1,1,3,738
2,2,2,2,3,739
2,2,1,1,3,740
2,2,2,2,3,741
2,2,2,2,3,742
0,0,2,1,3,743
0,0,2,1,3,744
1,1,1,1,3,745
2,2,2,3,3,746
0,0,0,0,3,747
0,0,0,0,3,748
1,1,1,1,3,749
2,1,1,1,3,750
0,0,2,1,3,751
0,0,0,0,3,752
0,0,0,0,3,753
1,1,2,1,3,754
1,1,1,1,3,755
0,0,0,0,3,756
0,0,0,0,3,757
2,2,1,2,3,758
0,0,1,1,3,759
0,0,0,0,3,760
1,1,1,1,3,761
1,1,1,2,3,762
1,0,0,1,3,763
1,1,2,1,3,764
2,1,1,1,3,765
2,1,2,2,3,766
0,0,1,0,3,767
0,0,0,0,3,768
1,1,1,1,3,769
0,1,0,1,3,770
0,0,1,0,3,771
2,1,1,2,3,772
1,1,1,2,3,773
1,1,1,1,3,774
1,0,1,1,3,775
1,1,1,1,3,776
2,3,2,3,3,777
2,2,2,1,3,778
0,0,0,0,3,779
2,1,1,1,3,780
0,0,1,0,3,781
3,2,2,2,3,782
0,0,0,0,3,783
2,1,1,1,3,784
0,0,0,0,3,785
1,1,2,1,3,786
0,0,0,0,3,787
2,2,2,2,3,788
2,1,2,2,3,789
1,1,1,1,3,790
2,2,2,2,3,791
2,2,2,2,3,792
1,1,1,1,3,793
2,1,1,1,3,794
0,0,0,0,3,795
0,0,0,0,3,796
0,0,1,1,3,797
2,2,1,1,3,798
1,1,1,1,3,799
3,3,1,2,3,800
0,1,0,1,3,801
0,0,0,0,3,802
0,0,2,1,3,803
1,1,1,1,3,804
0,0,2,1,3,805
3,2,1,1,3,806
0,0,0,0,3,807
2,1,2,2,3,808
1,1,2,2,3,809
1,1,1,1,3,810
1,1,1,1,3,811
1,1,1,1,3,812
1,1,1,1,3,813
0,0,0,0,3,814
0,0,0,0,3,815
1,1,1,1,3,816
1,1,1,1,3,817
2,2,2,2,3,818
1,1,1,0,3,819
0,0,0,0,3,820
0,0,1,0,3,821
1,1,1,1,3,822
1,1,1,1,3,823
1,1,1,0,3,824
2,1,2,1,3,825
2,2,2,2,3,826
3,2,2,2,3,827
0,0,2,2,3,828
1,1,2,2,3,829
0,0,2,1,3,830
1,1,1,1,3,831
0,0,1,0,3,832
2,2,2,2,3,833
1,1,1,0,3,834
1,1,2,1,3,835
0,0,1,0,3,836
2,2,2,1,3,837
1,1,1,1,3,838
0,0,1,0,3,839
2,3,3,3,3,840
1,1,0,0,3,841
1,1,1,1,3,842
0,0,0,0,3,843
0,0,0,0,3,844
1,1,1,1,3,845
0,0,0,0,3,846
1,1,1,1,3,847
0,0,0,0,3,848
1,1,1,0,3,849
1,1,1,1,3,850
1,1,1,1,3,851
0,0,1,0,3,852
1,1,1,1,3,853
0,0,0,0,3,854
0,0,0,0,3,855
1,1,1,1,3,856
2,2,2,2,3,857
0,0,1,1,3,858
1,1,1,1,3,859
1,1,1,1,3,860
1,1,1,0,3,861
1,1,1,1,3,862
0,0,0,0,3,863
0,0,0,0,3,864
0,0,0,0,3,865
2,2,2,2,3,866
1,1,1,1,3,867
2,2,2,2,3,868
2,2,2,3,3,869
3,2,2,2,3,870
2,2,2,2,3,871
1,1,1,1,3,872
0,0,1,0,3,873
2,2,2,2,3,874
1,1,1,1,3,875
0,0,0,0,3,876
0,0,0,0,3,877
0,0,0,0,3,878
0,0,0,0,3,879
2,2,2,2,3,880
2,2,2,1,3,881
0,0,0,0,3,882
2,1,1,1,3,883
0,0,0,0,3,884
2,2,1,1,3,885
2,2,1,1,3,886
2,1,1,1,3,887
0,0,1,0,3,888
0,0,0,0,3,889
1,1,1,1,3,890
0,0,2,2,3,891
2,1,1,1,3,892
1,1,1,1,3,893
0,0,1,0,3,894
1,1,1,1,3,895
2,1,1,1,3,896
1,1,1,1,3,897
2,1,2,1,3,898
1,1,1,1,3,899
1,1,1,1,3,900
0,0,1,0,3,901
0,0,1,1,3,902
0,0,0,0,3,903
1,1,1,1,3,904
1,1,1,1,3,905
1,1,1,1,3,906
0,0,0,0,3,907
2,2,2,2,3,908
1,1,0,1,3,909
0,0,0,0,3,910
1,1,1,1,3,911
2,1,1,1,3,912
2,2,2,1,3,913
0,0,0,0,3,914
2,2,2,2,3,915
2,1,1,1,3,916
2,1,1,1,3,917
2,1,2,1,3,918
1,1,2,1,3,919
0,0,0,0,3,920
3,2,2,2,3,921
2,2,2,2,3,922
2,2,1,2,3,923
1,1,1,1,3,924
2,1,2,1,3,925
0,0,1,0,3,926
0,0,1,1,3,927
1,1,1,1,3,928
1,1,1,1,3,929
2,2,2,2,3,930
0,0,0,0,3,931
0,0,1,0,3,932
0,0,0,0,3,933
1,1,1,1,3,934
0,0,1,1,3,935
0,0,0,0,3,936
1,1,1,1,3,937
2,1,1,1,3,938
1,1,2,2,3,939
1,1,1,1,3,940
0,1,2,1,3,941
1,1,1,1,3,942
0,0,0,0,3,943
0,0,0,0,3,944
1,1,1,1,3,945
0,0,0,0,3,946
0,0,1,1,3,947
0,0,1,1,3,948
0,0,0,0,3,949
0,0,0,0,3,950
0,0,0,0,3,951
2,2,2,2,3,952
1,1,1,1,3,953
0,0,0,0,3,954
1,1,1,1,3,955
0,0,1,0,3,956
0,0,1,1,3,957
1,1,1,1,3,958
1,1,2,1,3,959
0,0,0,0,3,960
0,0,0,0,3,961
2,1,1,1,3,962
1,1,1,1,3,963
0,0,0,0,3,964
0,0,0,0,3,965
0,0,0,0,3,966
1,1,1,1,3,967
0,0,1,0,3,968
0,0,0,0,3,969
2,1,2,1,3,970
0,0,0,0,3,971
1,1,1,1,3,972
2,2,2,1,3,973
1,1,1,0,3,974
2,2,2,2,3,975
2,1,1,1,3,976
2,2,1,2,3,977
1,1,1,1,3,978
0,0,2,1,3,979
0,0,0,0,3,980
1,1,2,2,3,981
2,1,2,1,3,982
1,1,2,2,3,983
0,0,2,1,3,984
0,0,0,0,3,985
2,2,2,2,3,986
2,1,2,1,3,987
1,1,1,1,3,988
0,0,1,1,3,989
1,1,2,2,3,990
1,1,2,2,3,991
2,2,2,2,3,992
1,1,2,1,3,993
0,0,0,0,3,994
1,1,2,1,3,995
2,2,2,2,3,996
3,2,2,2,3,997
0,0,1,1,3,998
2,2,2,2,3,999
0,0,2,1,3,1000
1,1,1,1,3,1001
1,1,1,2,3,1002
2,2,2,2,3,1003
2,1,2,2,3,1004
0,0,1,1,3,1005
2,2,2,2,3,1006
0,0,0,0,3,1007
2,2,2,1,3,1008
0,0,0,0,3,1009
1,1,1,1,3,1010
1,1,1,1,3,1011
2,2,2,1,3,1012
0,0,0,0,3,1013
1,1,0,0,3,1014
0,0,1,0,3,1015
1,1,1,1,3,1016
1,1,2,1,3,1017
2,1,2,1,3,1018
0,0,1,0,3,1019
2,2,1,2,3,1020
2,2,1,2,3,1021
2,2,2,1,3,1022
0,0,0,0,3,1023
1,1,1,1,3,1024
2,1,2,1,3,1025
1,1,1,1,3,1026
0,1,0,0,3,1027
1,1,1,1,3,1028
2,1,2,1,3,1029
2,1,2,2,3,1030
1,1,1,1,3,1031
0,0,0,0,3,1032
1,1,1,1,3,1033
0,0,1,0,3,1034
1,1,1,1,3,1035
1,1,1,1,3,1036
1,1,1,1,3,1037
0,0,0,0,3,1038
0,0,0,0,3,1039
3,3,2,3,3,1040
1,1,2,2,3,1041
1,1,1,1,3,1042
2,1,2,2,3,1043
0,0,0,0,3,1044
0,0,0,0,3,1045
0,0,0,0,3,1046
0,0,0,0,3,1047
0,0,0,0,3,1048
0,0,0,0,3,1049
2,2,3,3,3,1050
3,2,2,2,3,1051
0,0,1,1,3,1052
0,0,1,0,3,1053
0,0,0,0,3,1054
0,0,1,0,3,1055
0,0,1,1,3,1056
1,2,1,1,3,1057
0,0,2,2,3,1058
1,1,1,1,3,1059
0,0,2,1,3,1060
1,1,1,1,3,1061
2,2,2,2,3,1062
0,0,0,0,3,1063
2,1,2,2,3,1064
0,1,0,0,3,1065
0,0,0,0,3,1066
0,0,1,0,3,1067
0,0,0,0,3,1068
1,1,0,0,3,1069
1,1,1,1,3,1070
2,1,2,2,3,1071
2,1,2,2,3,1072
1,1,1,1,3,1073
0,0,1,0,3,1074
0,0,1,1,3,1075
0,0,1,0,3,1076
3,2,2,2,3,1077
0,0,0,0,3,1078
2,1,1,1,3,1079
1,1,1,0,3,1080
1,1,0,0,3,1081
0,0,0,0,3,1082
1,1,1,1,3,1083
0,0,0,0,3,1084
1,1,1,1,3,1085
1,1,1,1,3,1086
0,1,1,1,3,1087
0,0,0,0,3,1088
2,1,1,1,3,1089
2,1,1,2,3,1090
0,0,0,0,3,1091
1,1,1,1,3,1092
2,1,2,2,3,1093
0,0,0,0,3,1094
2,2,2,2,3,1095
2,2,2,2,3,1096
1,1,2,2,3,1097
1,1,1,1,3,1098
1,1,1,1,3,1099
1,1,1,1,3,1100
1,1,1,1,3,1101
1,1,1,1,3,1102
1,1,1,1,3,1103
2,1,2,2,3,1104
0,0,0,0,3,1105
0,0,2,2,3,1106
2,2,2,2,3,1107
1,1,1,1,3,1108
2,2,2,2,3,1109
1,1,2,2,3,1110
2,2,1,2,3,1111
1,1,1,1,3,1112
2,1,2,2,3,1113
1,1,1,1,3,1114
1,1,0,0,3,1115
2,1,2,1,3,1116
1,1,1,0,3,1117
1,1,1,1,3,1118
1,0,1,1,3,1119
0,0,0,0,3,1120
2,1,1,1,3,1121
2,2,2,2,3,1122
2,2,2,2,3,1123
0,0,0,0,3,1124
2,1,2,2,3,1125
2,1,2,2,3,1126
0,0,0,0,3,1127
0,0,1,1,3,1128
0,0,0,0,3,1129
1,1,2,1,3,1130
2,1,2,2,3,1131
2,1,2,1,3,1132
0,0,0,0,3,1133
2,2,2,2,3,1134
0,0,0,0,3,1135
2,1,1,1,3,1136
1,1,1,1,3,1137
1,1,1,1,3,1138
1,1,2,1,3,1139
1,1,1,1,3,1140
2,2,2,2,3,1141
0,0,1,1,3,1142
0,0,1,1,3,1143
1,0,0,0,3,1144
0,0,0,0,3,1145
1,1,1,1,3,1146
0,0,1,1,3,1147
1,1,1,1,3,1148
1,1,1,1,3,1149
0,0,0,0,3,1150
1,1,1,1,3,1151
2,1,1,1,3,1152
2,2,1,2,3,1153
1,1,1,1,3,1154
0,0,0,0,3,1155
2,2,2,2,3,1156
0,0,1,1,3,1157
0,0,0,0,3,1158
1,1,1,1,3,1159
2,2,2,2,3,1160
3,2,1,2,3,1161
0,0,0,0,3,1162
0,0,0,0,3,1163
1,1,1,1,3,1164
0,0,0,0,3,1165
1,1,1,1,3,1166
1,1,1,1,3,1167
3,2,2,2,3,1168
0,0,1,1,3,1169
1,1,1,1,3,1170
0,0,1,0,3,1171
0,0,1,0,3,1172
1,1,1,1,3,1173
0,0,0,0,3,1174
3,3,2,2,3,1175
0,0,0,0,3,1176
0,0,1,2,3,1177
0,0,0,0,3,1178
0,0,1,0,3,1179
1,1,1,1,3,1180
1,1,1,1,3,1181
1,1,1,1,3,1182
0,0,0,0,3,1183
0,0,1,1,3,1184
0,0,1,0,3,1185
2,2,2,2,3,1186
2,2,2,3,3,1187
0,0,0,0,3,1188
0,0,0,0,3,1189
1,1,1,1,3,1190
0,0,0,0,3,1191
1,0,1,0,3,1192
1,1,1,1,3,1193
0,0,0,0,3,1194
1,1,1,1,3,1195
2,2,2,2,3,1196
2,1,1,2,3,1197
2,2,2,2,3,1198
0,0,1,1,3,1199
0,0,0,0,3,1200
0,0,0,0,3,1201
1,1,1,1,3,1202
0,0,1,0,3,1203
0,0,0,0,3,1204
0,0,0,0,3,1205
1,1,1,2,3,1206
0,0,0,0,3,1207
0,0,1,1,3,1208
2,1,1,2,3,1209
1,1,1,1,3,1210
0,0,0,0,3,1211
1,1,1,1,3,1212
2,2,2,2,3,1213
2,1,1,2,3,1214
2,2,2,2,3,1215
1,1,1,1,3,1216
0,0,0,0,3,1217
2,2,2,2,3,1218
2,2,2,2,3,1219
1,1,0,0,3,1220
0,1,1,1,3,1221
3,2,2,2,3,1222
0,0,0,0,3,1223
1,1,2,2,3,1224
2,2,2,2,3,1225
1,1,0,0,3,1226
1,1,2,2,3,1227
0,0,0,0,3,1228
0,0,0,0,3,1229
0,0,2,1,3,1230
0,0,0,0,3,1231
2,2,2,2,3,1232
0,0,0,0,3,1233
1,1,2,2,3,1234
0,0,0,0,3,1235
2,1,1,1,3,1236
0,0,0,0,3,1237
2,1,2,2,3,1238
1,1,1,1,3,1239
2,2,1,2,3,1240
0,0,1,1,3,1241
1,1,1,1,3,1242
0,0,0,0,3,1243
3,2,2,3,3,1244
0,0,0,0,3,1245
0,0,0,0,3,1246
1,1,2,2,3,1247
1,1,2,3,3,1248
2,2,2,1,3,1249
1,1,1,1,3,1250
1,1,1,1,3,1251
1,1,1,1,3,1252
1,1,1,1,3,1253
0,0,1,0,3,1254
2,2,2,2,3,1255
0,0,0,0,3,1256
1,1,1,1,3,1257
1,1,1,1,3,1258
1,1,1,1,3,1259
2,2,2,2,3,1260
0,0,1,1,3,1261
0,0,0,0,3,1262
0,0,0,0,3,1263
2,1,1,1,3,1264
1,1,1,1,3,1265
2,1,1,1,3,1266
0,0,0,0,3,1267
2,1,1,1,3,1268
0,0,0,0,3,1269
0,0,0,0,3,1270
2,1,1,1,3,1271
0,0,0,0,3,1272
0,0,1,0,3,1273
0,0,0,0,3,1274
0,0,1,1,3,1275
0,0,0,0,3,1276
2,1,1,2,3,1277
0,0,0,0,3,1278
1,1,1,1,3,1279
1,1,1,2,3,1280
1,1,1,1,3,1281
2,1,1,1,3,1282
3,3,2,3,3,1283
0,0,0,0,3,1284
1,1,1,1,3,1285
1,1,1,1,3,1286
1,1,2,2,3,1287
1,1,1,2,3,1288
1,1,1,1,3,1289
2,1,2,2,3,1290
0,0,0,0,3,1291
1,1,1,1,3,1292
0,0,0,0,3,1293
0,0,1,0,3,1294
1,1,1,1,3,1295
1,1,1,1,3,1296
2,2,2,2,3,1297
2,2,2,2,3,1298
2,2,2,2,3,1299
2,2,2,2,3,1300
0,0,0,0,3,1301
2,2,2,2,3,1302
2,2,2,2,3,1303
2,1,1,1,3,1304
2,1,1,1,3,1305
2,1,1,1,3,1306
2,2,2,2,3,1307
0,0,0,1,3,1308
1,1,1,1,3,1309
1,2,1,1,3,1310
1,1,1,1,3,1311
1,1,1,1,3,1312
0,0,1,1,3,1313
0,0,0,0,3,1314
1,1,1,1,3,1315
0,0,0,0,3,1316
0,0,1,0,3,1317
0,0,0,0,3,1318
3,2,2,2,3,1319
2,1,1,1,3,1320
1,1,1,1,3,1321
1,1,1,1,3,1322
2,2,1,2,3,1323
0,0,0,0,3,1324
0,0,1,0,3,1325
1,1,1,1,3,1326
0,0,0,0,3,1327
0,0,0,0,3,1328
1,1,1,1,3,1329
2,2,1,2,3,1330
1,1,1,1,3,1331
0,0,1,0,3,1332
2,1,1,1,3,1333
1,1,1,1,3,1334
1,1,1,1,3,1335
1,1,1,1,3,1336
1,1,1,1,3,1337
3,2,2,3,3,1338
0,0,1,0,3,1339
0,0,0,0,3,1340
2,1,2,2,3,1341
2,2,1,1,3,1342
1,1,1,0,3,1343
0,0,0,0,3,1344
0,0,0,0,3,1345
2,1,2,2,3,1346
1,1,2,2,3,1347
1,1,1,1,3,1348
0,0,0,0,3,1349
1,1,1,1,3,1350
2,1,1,1,3,1351
1,0,0,0,3,1352
0,0,0,0,3,1353
1,1,1,1,3,1354
0,0,0,0,3,1355
0,0,0,0,3,1356
2,2,1,2,3,1357
0,0,2,1,3,1358
2,2,2,2,3,1359
0,0,0,0,3,1360
1,1,1,2,3,1361
0,1,0,0,3,1362
2,2,2,2,3,1363
2,1,1,2,3,1364
1,1,2,2,3,1365
0,0,1,2,3,1366
1,1,1,2,3,1367
2,2,2,2,3,1368
0,0,1,1,3,1369
0,0,2,2,3,1370
1,1,1,2,3,1371
1,1,1,2,3,1372
2,1,1,2,3,1373
2,2,1,2,3,1374
3,2,2,2,3,1375
1,1,1,2,3,1376
1,1,1,1,3,1377
0,0,1,1,3,1378
0,0,1,0,3,1379
1,1,1,2,3,1380
0,1,2,2,3,1381
0,0,2,2,3,1382
1,1,1,2,3,1383
0,0,0,0,3,1384
2,2,2,2,3,1385
2,1,2,2,3,1386
2,1,1,1,3,1387
0,0,1,1,3,1388
1,1,1,1,3,1389
1,1,1,1,3,1390
0,0,1,1,3,1391
1,1,1,1,3,1392
1,1,1,1,3,1393
1,1,1,1,3,1394
2,2,2,2,3,1395
2,2,2,2,3,1396
2,1,2,2,3,1397
0,0,0,0,3,1398
1,1,1,1,3,1399
1,1,1,1,3,1400
0,0,0,0,3,1401
0,0,1,0,3,1402
1,1,1,1,3,1403
2,1,2,2,3,1404
1,1,2,1,3,1405
0,0,0,0,3,1406
2,2,2,2,3,1407
2,2,2,2,3,1408
1,1,2,1,3,1409
1,1,1,1,3,1410
1,1,1,1,3,1411
1,1,2,2,3,1412
1,1,1,1,3,1413
0,0,0,0,3,1414
1,1,1,1,3,1415
1,1,2,2,3,1416
1,1,1,2,3,1417
2,1,1,1,3,1418
0,0,0,0,3,1419
0,0,0,0,3,1420
1,1,1,2,3,1421
2,1,1,1,3,1422
1,1,1,1,3,1423
0,0,0,1,3,1424
2,2,2,2,3,1425
2,2,2,2,3,1426
0,0,2,2,3,1427
0,0,0,0,3,1428
0,0,1,1,3,1429
0,0,2,2,3,1430
0,0,1,2,3,1431
1,1,2,2,3,1432
2,2,2,2,3,1433
1,1,1,1,3,1434
0,0,1,1,3,1435
1,1,1,1,3,1436
1,1,1,1,3,1437
0,0,1,0,3,1438
0,0,0,0,3,1439
1,1,1,1,3,1440
0,0,0,0,3,1441
2,2,2,2,3,1442
1,1,2,2,3,1443
1,1,1,1,3,1444
1,1,1,1,3,1445
0,0,0,1,3,1446
1,1,1,1,3,1447
2,2,2,2,3,1448
0,0,0,0,3,1449
2,2,2,2,3,1450
0,1,1,1,3,1451
0,1,0,1,3,1452
1,1,1,1,3,1453
1,1,1,2,3,1454
1,1,1,1,3,1455
0,0,1,1,3,1456
0,0,0,0,3,1457
1,1,1,1,3,1458
1,1,1,1,3,1459
0,0,2,2,3,1460
2,1,2,1,3,1461
3,3,2,2,3,1462
0,0,0,0,3,1463
2,2,2,2,3,1464
0,1,1,1,3,1465
1,1,2,2,3,1466
1,1,2,2,3,1467
0,1,1,1,3,1468
0,0,0,0,3,1469
1,1,2,2,3,1470
0,0,0,0,3,1471
2,1,1,1,3,1472
2,1,2,2,3,1473
1,1,1,2,3,1474
0,0,1,0,3,1475
0,0,0,0,3,1476
3,2,2,2,3,1477
2,1,1,1,3,1478
1,1,1,1,3,1479
2,1,1,1,3,1480
1,1,1,1,3,1481
3,3,2,3,3,1482
0,0,0,0,3,1483
1,1,1,1,3,1484
2,1,1,2,3,1485
1,1,1,1,3,1486
1,1,1,1,3,1487
2,2,2,2,3,1488
0,0,0,0,3,1489
2,2,2,2,3,1490
3,2,1,2,3,1491
1,1,1,1,3,1492
1,1,1,2,3,1493
0,0,1,1,3,1494
0,1,1,1,3,1495
0,0,0,0,3,1496
1,1,2,2,3,1497
1,1,2,2,3,1498
3,1,2,2,3,1499
2,1,1,1,3,1500
0,0,0,0,3,1501
0,0,0,0,3,1502
0,0,1,1,3,1503
0,0,1,1,3,1504
1,1,1,2,3,1505
0,0,1,1,3,1506
2,2,2,2,3,1507
3,2,1,2,3,1508
2,1,1,1,3,1509
2,1,1,1,3,1510
0,0,0,0,3,1511
1,1,1,1,3,1512
1,1,1,1,3,1513
1,1,2,2,3,1514
2,1,0,0,3,1515
2,2,2,2,3,1516
3,3,2,3,3,1517
1,1,2,2,3,1518
0,0,1,2,3,1519
1,1,2,2,3,1520
1,1,1,1,3,1521
0,0,1,2,3,1522
0,0,0,0,3,1523
0,0,1,1,3,1524
1,1,1,1,3,1525
0,0,0,0,3,1526
0,0,1,1,3,1527
0,0,0,0,3,1528
0,0,2,2,3,1529
1,1,1,1,3,1530
1,1,2,2,3,1531
0,0,0,0,3,1532
1,1,2,1,3,1533
1,1,1,1,3,1534
2,1,1,1,3,1535
1,1,1,1,3,1536
2,2,2,2,3,1537
1,1,2,1,3,1538
0,0,0,0,3,1539
0,0,0,0,3,1540
0,0,0,0,3,1541
1,1,1,1,3,1542
0,0,1,1,3,1543
0,0,0,0,3,1544
0,0,0,0,3,1545
3,2,2,2,3,1546
0,1,1,1,3,1547
0,0,0,0,3,1548
0,0,1,0,3,1549
0,0,0,0,3,1550
1,1,1,1,3,1551
2,2,2,2,3,1552
2,3,2,3,3,1553
2,2,2,2,3,1554
0,0,2,1,3,1555
0,0,0,0,3,1556
1,1,1,1,3,1557
0,0,1,0,3,1558
1,1,1,1,3,1559
0,0,0,0,3,1560
0,0,1,1,3,1561
0,0,0,0,3,1562
2,1,2,2,3,1563
1,1,1,1,3,1564
0,0,0,0,3,1565
2,1,2,2,3,1566
1,1,1,0,3,1567
1,1,1,1,3,1568
1,1,1,1,3,1569
0,0,0,0,3,1570
0,0,0,0,3,1571
2,1,1,1,3,1572
2,1,2,2,3,1573
0,0,1,0,3,1574
0,1,1,1,3,1575
1,1,1,1,3,1576
0,0,0,0,3,1577
1,1,1,1,3,1578
0,0,0,0,3,1579
0,0,0,0,3,1580
1,1,1,1,3,1581
0,0,0,0,3,1582
3,1,2,2,3,1583
1,1,0,0,3,1584
1,1,1,0,3,1585
0,0,0,0,3,1586
2,1,1,1,3,1587
1,1,1,1,3,1588
1,1,1,0,3,1589
0,0,0,0,3,1590
0,0,1,0,3,1591
0,0,1,1,3,1592
1,1,2,2,3,1593
2,2,2,2,3,1594
0,0,0,0,3,1595
0,0,0,0,3,1596
2,2,2,2,3,1597
0,0,1,0,3,1598
1,1,1,1,3,1599
1,1,1,2,3,1600
1,1,2,2,3,1601
3,2,2,3,3,1602
2,2,2,2,3,1603
0,0,1,2,3,1604
2,2,1,1,3,1605
0,0,1,1,3,1606
2,1,1,1,3,1607
0,1,0,0,3,1608
2,2,2,2,3,1609
1,1,1,1,3,1610
2,2,2,2,3,1611
2,2,2,1,3,1612
0,0,0,0,3,1613
0,0,2,1,3,1614
1,1,1,2,3,1615
1,1,1,1,3,1616
2,2,2,2,3,1617
2,2,2,2,3,1618
1,1,1,1,3,1619
0,0,1,1,3,1620
0,1,2,2,3,1621
1,1,1,1,3,1622
1,1,1,1,3,1623
0,0,0,0,3,1624
0,0,0,0,3,1625
2,2,2,2,3,1626
3,3,2,3,3,1627
2,1,2,2,3,1628
1,1,1,1,3,1629
0,0,1,1,3,1630
2,1,1,1,3,1631
1,1,2,1,3,1632
1,1,1,2,3,1633
1,2,2,2,3,1634
2,1,1,2,3,1635
1,2,2,2,3,1636
1,1,1,2,3,1637
2,1,1,1,3,1638
0,0,0,0,3,1639
2,2,2,2,3,1640
2,1,1,2,3,1641
0,0,1,1,3,1642
0,0,0,0,3,1643
1,1,0,0,3,1644
0,0,0,0,3,1645
0,0,0,0,3,1646
0,0,1,0,3,1647
2,2,2,2,3,1648
0,0,2,1,3,1649
0,0,0,0,3,1650
1,1,0,1,3,1651
0,0,1,1,3,1652
0,1,2,1,3,1653
1,1,2,1,3,1654
2,1,2,1,3,1655
3,2,2,2,3,1656
2,2,2,2,3,1657
2,1,1,1,3,1658
3,3,2,3,3,1659
0,0,0,0,3,1660
0,0,0,0,3,1661
1,1,1,1,3,1662
1,1,1,0,3,1663
1,0,1,0,3,1664
2,2,2,2,3,1665
1,1,1,1,3,1666
0,1,0,0,3,1667
2,2,2,2,3,1668
0,0,2,1,3,1669
0,0,1,1,3,1670
0,0,2,2,3,1671
1,1,1,2,3,1672
1,1,1,1,3,1673
1,1,1,1,3,1674
0,0,1,0,3,1675
2,1,1,1,3,1676
0,1,1,1,3,1677
0,0,0,0,3,1678
1,1,1,1,3,1679
2,2,1,2,3,1680
1,1,1,1,3,1681
0,0,0,0,3,1682
2,2,2,2,3,1683
0,0,0,0,3,1684
1,1,1,1,3,1685
0,0,1,1,3,1686
1,1,2,2,3,1687
1,1,2,2,3,1688
1,1,2,1,3,1689
0,0,1,1,3,1690
2,1,1,1,3,1691
1,1,2,2,3,1692
2,1,1,1,3,1693
1,1,1,1,3,1694
0,0,0,0,3,1695
1,1,1,1,3,1696
2,3,3,3,3,1697
1,1,1,1,3,1698
1,1,1,1,3,1699
1,1,1,1,3,1700
1,1,2,2,3,1701
2,2,1,1,3,1702
1,1,1,1,3,1703
2,1,1,1,3,1704
1,1,1,1,3,1705
0,0,0,0,3,1706
0,0,0,0,3,1707
2,2,2,2,3,1708
1,1,1,1,3,1709
2,1,1,1,3,1710
0,0,1,1,3,1711
2,2,2,2,3,1712
1,1,1,1,3,1713
2,1,1,2,3,1714
2,2,1,2,3,1715
0,0,1,1,3,1716
1,1,1,1,3,1717
0,0,0,0,3,1718
0,0,1,1,3,1719
0,0,1,1,3,1720
0,0,0,0,3,1721
1,1,1,1,3,1722
2,1,1,2,3,1723
0,0,1,1,3,1724
1,1,1,1,3,1725
0,0,0,0,3,1726
0,0,1,1,3,1727
1,1,2,1,3,1728
0,0,0,0,3,1729
0,0,0,0,3,1730
3,3,2,2,3,1731
1,1,1,1,3,1732
1,1,1,1,3,1733
1,1,2,1,3,1734
1,1,1,1,3,1735
2,2,2,2,3,1736
0,0,0,0,3,1737
2,2,2,2,3,1738
3,2,2,2,3,1739
0,0,1,1,3,1740
1,1,1,1,3,1741
3,2,2,2,3,1742
0,0,0,0,3,1743
0,0,1,1,3,1744
2,2,2,2,3,1745
0,0,2,2,3,1746
2,2,2,2,3,1747
0,0,1,1,3,1748
2,2,1,2,3,1749
2,2,2,2,3,1750
1,2,2,2,3,1751
0,0,1,1,3,1752
2,1,1,2,3,1753
1,1,1,2,3,1754
3,2,2,2,3,1755
2,1,1,2,3,1756
1,1,1,1,3,1757
0,0,1,0,3,1758
1,1,0,0,3,1759
2,2,2,2,3,1760
0,0,0,0,3,1761
0,0,1,1,3,1762
1,1,1,1,3,1763
2,1,1,2,3,1764
0,0,0,0,3,1765
2,1,2,2,3,1766
2,1,1,1,3,1767
0,0,0,0,3,1768
3,2,1,1,3,1769
2,1,1,2,3,1770
2,2,2,2,3,1771
3,1,1,1,3,1772
3,3,3,3,3,1773
1,1,2,2,3,1774
2,1,1,2,3,1775
0,0,1,2,3,1776
2,1,1,2,3,1777
1,1,1,1,3,1778
2,1,2,2,3,1779
0,0,0,0,3,1780
0,0,0,0,3,1781
1,1,2,2,3,1782
2,2,2,2,3,1783
0,1,1,1,3,1784
1,1,1,1,3,1785
1,1,1,2,3,1786
2,1,2,2,3,1787
2,2,2,2,3,1788
2,2,2,2,3,1789
0,0,0,0,3,1790
1,1,1,1,3,1791
0,0,0,0,3,1792
0,0,0,0,3,1793
2,1,2,2,3,1794
0,0,0,0,3,1795
0,0,1,1,3,1796
2,1,1,1,3,1797
0,0,1,1,3,1798
0,0,0,0,3,1799
2,2,2,3,3,1800
