Date,Move Minutes count,Calories (kcal),Distance (m),Heart Points,Heart Minutes,Average speed (m/s),Max speed (m/s),Min speed (m/s),Step count,Average weight (kg),Max weight (kg),Min weight (kg),Biking duration (ms),Walking duration (ms),Running duration (ms)
2021-05-16,77,687.6240753986712,4090.7417602539062,40.0,40,0.9532187283039093,1.0175485610961914,0.8888888955116272,7654,80.0,80.0,80.0,,4664026,
2021-05-17,79,2016.471680423568,3978.946778655052,13.0,13,0.3553377460237273,1.3281896114349365,0.23910361528396606,6161,,,,,4692410,424601
2021-05-18,31,1752.2710950009955,2267.060999253648,21.0,21,0.48025224139464745,1.6433078050613403,0.2550294101238251,3450,,,,,1610096,
2021-05-19,140,2201.5012029042696,9714.473017236334,74.0,74,0.5155224214991464,1.711052656173706,0.2550294101238251,14000,,,,,8268890,93935
2021-05-20,50,1842.7984202799587,2618.8847970962524,16.0,16,0.38047488743397384,1.5165581703186035,0.2588490843772888,4078,,,,,2994689,
2021-05-21,63,1902.6127545165596,4571.005825519562,43.0,43,0.534866327536212,1.4920367002487183,0.26565563678741455,6768,,,,,3909532,
2021-05-22,33,1912.1725224445217,2806.1155003905296,28.0,24,0.33637115662607003,2.0584025382995605,0.26565563678741455,3724,,,,,280798,1672131
2021-05-23,62,2007.9332227261598,4310.049760341644,37.0,36,0.490101641757617,2.0504026412963867,0.31878677010536194,5939,,,,,2238747,1453615
2021-05-24,26,1727.5944103297263,1180.0388919115067,,,0.46539134603809185,1.239385724067688,0.26565563678741455,2141,,,,,1232673,
2021-05-25,107,1985.857941138061,5353.621449410915,27.0,27,0.6571368820144932,1.5062543153762817,0.26565563678741455,8148,,,,,5182747,
2021-05-26,92,1905.2348986472523,4800.248432278633,36.0,36,0.588626952483145,1.6592836380004883,0.25432202219963074,7237,,,,,3949640,
2021-05-27,68,1842.7315324729527,3431.1696716547012,19.0,19,0.4909113113332005,1.4688057899475098,0.2469095140695572,5356,,,,,2993666,
2021-05-28,78,1901.471012881873,4793.543774008751,30.0,30,0.43511295299066577,1.8984184265136719,0.2550294101238251,7494,,,,,3887046,
2021-05-29,7,1675.60810965647,327.8884778022766,,,0.31850678262227633,0.4472215473651886,0.26565563678741455,738,,,,,437555,
2021-05-30,4,1650.1366577521485,197.7816562652588,,,0.29540150880084654,0.9803226590156555,0.2550294101238251,595,,,,,47976,
2021-05-31,25,1719.0642340731013,994.9883341789246,,,0.4587807425223143,0.7070582509040833,0.2550294101238251,1851,,,,,964934,60805
2021-06-01,47,1801.7432522532083,3431.9845979213715,31.0,31,0.33775374134410524,1.5370690822601318,0.264486163854599,5219,,,,,2366759,
2021-06-02,67,1875.9713121996597,3349.782492160797,12.0,12,0.38925654130507137,1.7644680738449097,0.2550294101238251,5324,,,,,3502059,
2021-06-03,32,1732.4676060214902,1595.2798914909363,7.0,7,0.3288261689632214,1.3431181907653809,0.24914567172527313,2687,,,,,1307206,
2021-06-04,13,1718.3814735367819,594.4720404148102,,,0.39200976157109596,0.7548877000808716,0.2762818932533264,1260,,,,,1091763,
2021-06-05,23,1752.9597621495764,978.484047293663,,,0.49323462536531304,1.2693413496017456,0.26565563678741455,1730,,,,,1620628,
2021-06-06,44,1804.5869592167699,2132.6046895980835,6.0,6,0.34045483116617015,1.3617308139801025,0.2550294101238251,3639,,,,,2410253,
2021-06-07,63,1965.6360671795526,2459.9477034807205,,,0.39074515979791163,1.36416494846344,0.2550294101238251,4282,,,,,4873458,
2021-06-08,26,1691.0527276392168,1109.4191321134567,,,0.47961288196886054,1.252392292022705,0.2550294101238251,2013,,,,,673776,
2021-06-09,51,1853.783177485257,2707.618332386017,8.0,8,0.38381476889554905,1.323225975036621,0.26565563678741455,4344,,,,,3162697,
2021-06-10,72,1860.9673779522016,3758.570153877139,20.0,20,0.37055674433677205,1.3850454092025757,0.2550294101238251,5839,,,,,3067374,90896
2021-06-11,17,1690.76330953948,845.9689520597458,,,0.421266398569378,1.1068555116653442,0.2550294101238251,1910,,,,,495389,77057
2021-06-12,28,1742.604541784406,1160.0934076309204,,,0.34291808242819927,1.3171048164367676,0.2516607344150543,1977,,,,,1462248,
2021-06-13,41,1792.6183755270392,2216.7119858264923,11.0,11,0.4382764410455075,1.5392558574676514,0.297534316778183,3557,,,,,2023040,90432
2021-06-14,21,1729.2035860323838,755.8709955215454,,,0.42888346215594314,1.2394702434539795,0.26565563678741455,1492,,,,,1257284,
2021-06-15,13,1685.2306420990326,642.4961188435555,,,0.3904869144833517,1.2455008029937744,0.26565563678741455,1422,,,,,584730,
2021-06-16,8,1680.5746161096563,477.5089280605316,,,0.3511690620308631,1.1001782417297363,0.2550294101238251,1054,,,,,513517,
2021-06-17,42,1783.8136380082158,2024.0391796827316,8.0,8,0.5101104782698788,1.5002987384796143,0.2550294101238251,3462,,,,,2092532,
2021-06-18,97,1953.07456851538,5379.948830604553,32.0,32,0.44728102461790653,1.477994680404663,0.2550294101238251,8339,,,,,4544250,60721
2021-06-19,30,1728.3875963502467,1125.8194229602814,,,0.4069868022927681,1.2381852865219116,0.25245940685272217,1952,,,,,1244805,
2021-06-20,35,1811.8183233380466,2038.2232681512833,9.0,9,0.5575953166160115,1.3501055240631104,0.26392778754234314,3303,,,,,2041530,212319
2021-06-21,64,1816.9706382832878,2258.284356355667,,,0.35036399133856827,1.0546737909317017,0.2762818932533264,3842,,,,,2599659,
2021-06-22,13,1686.4429991917216,805.4569660425186,6.0,6,0.3307486434579788,1.4706121683120728,0.26565563678741455,1397,,,,,603272,
2021-06-23,129,2185.090609715964,6928.327414035797,13.0,13,0.6514436143437484,1.4223576784133911,0.2869080901145935,10787,,,,,8229959,
2021-06-24,69,1920.2666857767313,3807.230996608734,17.0,17,0.4370148680192864,1.3710622787475586,0.2550294101238251,5991,,,,,4179546,
2021-06-25,72,1976.6934068241262,3939.3833190202713,13.0,13,0.49072350393618475,1.3526595830917358,0.2550294101238251,6304,,,,,5042577,
2021-06-26,58,1879.158088602861,3573.015079021454,22.0,22,0.4519162030664387,1.4943873882293701,0.2869080901145935,5410,,,,,3550800,
2021-06-27,38,1816.842672501886,2160.3491909503937,7.0,7,0.4061954081989007,1.4878575801849365,0.2451062947511673,3538,,,,,2393305,90538
2021-06-28,56,1865.5197457313056,2317.957961320877,,,0.5125474815533549,1.1077799797058105,0.2550294101238251,4076,,,,,3342205,
2021-06-29,90,1995.3355883730005,5248.177425861359,27.0,27,0.4779397216586088,1.6072447299957275,0.26565563678741455,8188,,,,,5327705,
2021-06-30,71,1880.0711254863058,5078.866068601608,53.0,53,0.5231901510975075,1.658158779144287,0.2550294101238251,7490,,,,,3564764,
2021-07-01,55,1861.5780115504672,3872.4873181581497,38.0,38,0.41361116534883474,1.4049385786056519,0.2762818932533264,5800,,,,,3281915,
2021-07-02,57,1869.0558125658288,3444.287328720093,27.0,27,0.43523781979829584,1.4689007997512817,0.26565563678741455,5229,,,,,3396288,
2021-07-03,49,1819.7444944068418,2702.7214045524597,16.0,16,0.46546492828890373,1.4296810626983643,0.2550294101238251,4279,,,,,2642085,
2021-07-04,90,1931.8098475412262,5333.255116224289,43.0,42,0.4904191261576807,2.064260721206665,0.2550294101238251,7909,,,,,3972956,167538
2021-07-05,35,1765.5029408205025,1662.954565525055,,,0.42666671084563734,1.1108421087265015,0.2550294101238251,2845,,,,,1812473,
2021-07-06,46,1851.702462887498,3505.8614797592163,35.0,35,0.34693679633260405,1.5522139072418213,0.2550294101238251,5072,,,,,3130872,
2021-07-07,54,1867.3240594162269,2417.6140751838684,5.0,5,0.4038224869358189,1.4346593618392944,0.2550294101238251,3920,,,,,3369800,
2021-07-08,139,2239.027340492607,8330.724260747433,55.0,50,0.483954688813423,2.6327078342437744,0.2550294101238251,12416,,,,,8566168,181778
2021-07-09,64,1839.1074187575355,2308.100155711174,1.0,1,0.39740841416251904,1.5639699697494507,0.2550294101238251,3984,,,,,2732452,91152
2021-07-10,142,2226.3477353321427,6568.622744321823,7.0,7,0.43450408122378203,1.4389142990112305,0.24440902471542358,10415,,,,,8515802,152897
2021-07-11,136,2127.027698436609,6247.7270809412,4.0,4,0.47039262055043485,1.2796934843063354,0.2550294101238251,9901,,,,,7129666,94011
2021-07-12,124,2331.438954503128,5484.568956797317,2.0,2,0.47225692920619794,1.2479461431503296,0.2618679106235504,8232,,,,,5477568,2210676
2021-07-13,92,1986.1375695530899,4108.178527052209,3.0,3,0.43498480426018404,1.3059824705123901,0.2488391250371933,6623,,,,,5187025,
2021-07-14,123,2062.517904775026,5541.740617752075,3.0,3,0.48259469660479354,1.3295286893844604,0.2550294101238251,8923,,,,,6355244,
2021-07-15,140,2163.3742009604225,5767.820135593414,,,0.5662952951257925,1.2058918476104736,0.25028693675994873,9158,,,,,7897812,
2021-07-16,27,1718.333006756043,844.7850342690945,,,0.5483966766704279,1.052791953086853,0.2550294101238251,1431,,,,,1091023,
2021-07-17,19,1709.4746171753304,709.7400000095367,,,0.5338025373423118,1.1322736740112305,0.297534316778183,1285,,,,,955534,
2021-07-18,38,1799.6799217772943,1672.2953338623047,6.0,6,0.3128698541876732,1.229752779006958,0.2550294101238251,2673,,,,,2335203,
2021-07-19,49,1838.2277611089883,2696.245635032654,12.0,12,0.39275676730721665,1.3867011070251465,0.2550294101238251,4244,,,,,2924780,
2021-07-20,73,1900.4914096057498,3725.1282634735107,9.0,9,0.462566363580896,1.3765403032302856,0.2869080901145935,5804,,,,,3877087,
2021-07-21,19,1751.3558503822355,699.6790199279785,,,0.44214773460205425,0.9648478627204895,0.25243982672691345,1328,,,,,1596096,
2021-07-22,69,1898.7231876081019,3625.4897733926773,13.0,13,0.4246096793800179,1.2476915121078491,0.2550294101238251,5808,,,,,3850042,
2021-07-23,97,1957.1524622011966,4812.725798606873,11.0,11,0.4263714801609262,1.4269487857818604,0.24708586931228638,7558,,,,,4743703,
2021-07-24,51,1791.0961724227836,2470.2706406116486,7.0,7,0.47424168990038884,1.4116580486297607,0.2660367786884308,3818,,,,,2203916,
2021-07-25,56,1826.995594114097,2411.549482345581,,,0.46709393061007237,1.1670678853988647,0.2550294101238251,4111,,,,,2752986,
2021-07-26,42,1743.1369388182827,1917.3406163454056,,,0.43990914567559897,0.968246340751648,0.2550294101238251,3361,,,,,1470390,
2021-07-27,63,1867.1671438479489,3229.5522042512894,8.0,8,0.3927576280851276,1.3116892576217651,0.2550294101238251,5217,,,,,2818776,243017
2021-07-28,78,1937.2394855860048,3468.959563612938,14.0,14,0.38364212935364805,1.6197506189346313,0.26565563678741455,5598,,,,,4438270,
2021-07-29,79,1945.4987783500492,2698.6738102436066,,,0.42345743960132504,1.18771493434906,0.2550294101238251,4530,,,,,4565463,
2021-07-30,43,1779.4343748030217,2591.7097289562225,20.0,20,0.5505710243779101,1.4230984449386597,0.2550294101238251,4003,,,,,2025552,
2021-07-31,92,1969.3578283806505,5412.060351133347,36.0,36,0.37368457919794396,1.6703908443450928,0.2550294101238251,8078,,,,,4782628,65449
2021-08-01,70,1815.6837845835396,2694.31903219223,2.0,2,0.4661173678924475,1.444595217704773,0.2762818932533264,4478,,,,,2579975,
2021-08-02,97,2012.579327884784,5326.233529806137,35.0,35,0.4888708119099407,1.3843330144882202,0.24788755178451538,8099,,,,,5591442,
2021-08-03,136,2108.378681849521,7700.740452051163,34.0,34,0.46148734909548067,1.3468300104141235,0.25864478945732117,11694,,,,,7056668,
2021-08-04,133,2102.1800161266488,7540.201274514198,52.0,52,0.43267214946515115,1.6701959371566772,0.24613313376903534,11405,,,,,6687952,121078
2021-08-05,84,1879.0157869510583,3671.3156510591507,13.0,13,0.39087779123061095,1.4133518934249878,0.26565563678741455,5996,,,,,3548624,
2021-08-06,111,2050.551154418627,6513.042625427246,52.0,52,0.4110927133023801,1.4815382957458496,0.2550294101238251,9641,,,,,6172213,
2021-08-07,118,2056.2816234813363,7533.929121732712,62.0,62,0.47586013294904395,1.4774022102355957,0.24797797203063965,11059,,,,,6259858,
2021-08-08,31,1805.022129935278,1535.0452375411987,5.0,5,0.35945798163733367,1.330897569656372,0.26565563678741455,2494,,,,,2416908,
2021-08-09,70,1920.2260893985203,4607.824654579163,40.0,39,0.3935915980689858,1.6747835874557495,0.26565563678741455,6746,,,,,3825091,156732
2021-08-10,70,1872.1068081348492,4407.023177146912,35.0,35,0.39346783905514693,1.5091224908828735,0.30816054344177246,6454,,,,,3442952,
2021-08-11,103,2035.1655199646477,6063.126904129982,51.0,51,0.38694019643768046,1.4408519268035889,0.2507961392402649,8791,,,,,4619238,583661
2021-08-12,181,2328.1260291818476,11212.147147655487,83.0,83,0.4853105279263247,1.5211132764816284,0.297534316778183,16264,,,,,10143314,121518
2021-08-13,134,2228.5972271027863,9292.422566533089,95.0,84,0.4288299729601976,2.70393705368042,0.2762818932533264,13129,84.0,84.0,84.0,,6254518,855175
2021-08-14,82,2074.01507448463,5698.963498234749,56.0,44,0.5787416605196264,2.8267946243286133,0.2528093755245209,7985,,,,,3705681,743917
2021-08-15,112,2254.164326596152,7831.292882442474,69.0,52,0.4948526585499559,2.9074084758758545,0.26565563678741455,10774,,,,,5218066,1133995
2021-08-16,113,2133.173220567385,6933.603895902634,53.0,53,0.5282432519519143,1.657251238822937,0.2869080901145935,10189,,,,,6453074,
2021-08-17,77,1929.256763110149,3128.6452605724335,4.0,4,0.509212847157365,1.3047118186950684,0.2550294101238251,5192,,,,,3503800,
2021-08-18,129,2461.3574993199127,9466.048410534859,85.0,66,0.6196066948718775,2.620237112045288,0.2550294101238251,12680,,,,,6432516,1906950
2021-08-19,130,2236.6710349902523,8678.014989376068,75.0,65,0.468180940563059,2.803175926208496,0.2550294101238251,12357,,,,,5771661,860852
2021-08-20,152,2398.00943026355,8904.73957490921,57.0,46,0.5992309112263612,2.4983177185058594,0.2550294101238251,12834,,,,,7615276,1120919
2021-08-21,93,1966.4259167293592,4932.864416599274,14.0,14,0.41911267236608646,1.2818403244018555,0.24705784022808075,8415,,,,,4041382,
2021-08-22,76,1986.0046415416496,5144.35569858551,54.0,54,0.4028063776666182,1.6725627183914185,0.2550294101238251,7734,,,,,4324553,
2021-08-23,149,2330.441065212393,8222.799054861069,61.0,55,0.46494303644053986,2.620598316192627,0.25161585211753845,12315,,,,,6893382,1048265
2021-08-24,60,1880.0748184395022,2721.567588210106,3.0,3,0.4001713286011612,1.4984726905822754,0.2762818932533264,4539,,,,,2792471,
2021-08-25,110,2301.6823551711636,4020.4880781173706,4.0,4,0.4764055800489832,1.461059331893921,0.2550294101238251,6691,,,,,8470907,186485
2021-08-26,103,2305.2168659918816,8255.958049416542,78.0,61,0.43197384383465753,2.9664697647094727,0.2550294101238251,11218,,,,,5125686,1429868
2021-08-27,79,2110.487165378941,5551.351993441582,42.0,29,0.5090413895197643,2.804150104522705,0.2550294101238251,7257,81.0,81.0,81.0,,3648907,1059961
2021-08-28,182,2383.0111388750415,11203.331957761136,75.0,75,0.7827283537283262,1.7126615047454834,0.2762818932533264,16395,,,,,9157310,789246
2021-08-29,41,1883.1195107696856,1947.4428094588839,,,0.5161213912904877,1.4963035583496094,0.26565563678741455,3215,,,,,3409433,
2021-08-30,113,2192.892918474932,8325.929088115692,81.0,69,0.5492616418753178,2.910166025161743,0.2550294101238251,11486,,,,,5674376,773492
2021-08-31,25,1716.286997603538,809.7184772491455,,,0.35654463054439073,0.8098205924034119,0.31878677010536194,1430,,,,,893930,
2021-09-01,135,2284.459273552695,8876.983977913857,77.0,63,0.45740885700769945,2.8504679203033447,0.2869080901145935,12290,,,,,6059686,1401775
2021-09-02,146,2226.818508574434,8917.997298002243,72.0,62,0.48388310241129157,2.8464369773864746,0.2550294101238251,12526,,,,,6347626,874125
2021-09-03,110,2235.3297778686597,8062.80925232172,72.0,56,0.37699969599906114,2.8429505825042725,0.248884916305542,10955,,,,,4217324,1813725
2021-09-04,13,1675.1454970142324,639.3998589515686,,,0.34211304462030295,1.0745168924331665,0.2537316381931305,1233,81.30000305175781,81.30000305175781,81.30000305175781,,255504,
2021-09-05,110,2119.528617663434,7408.371406555176,78.0,66,0.4378770019237252,2.5958023071289062,0.2550294101238251,10262,,,,,4939693,788884
2021-09-06,79,2055.4054045334283,6304.041142940521,63.0,47,0.5223801321928219,3.0622222423553467,0.25572237372398376,8425,80.4000015258789,80.4000015258789,80.4000015258789,,3691972,726249
2021-09-07,104,2143.029520371923,8030.822293996811,76.0,61,0.4222077746637088,3.089262008666992,0.26565563678741455,10873,,,,,3750853,1515266
2021-09-08,127,2258.3311386760192,8248.592951059341,43.0,32,0.4772230094736783,2.725803852081299,0.26565563678741455,11782,80.5,80.5,80.5,,6731734,907409
2021-09-09,60,1978.6168525447454,4782.235265851021,48.0,34,0.611409718766124,2.9070708751678467,0.26565563678741455,6497,80.4000015258789,80.4000015258789,80.4000015258789,,2112152,1004206
2021-09-10,48,1806.7962668533316,1804.6812287569046,,,0.40573082111970626,1.1183875799179077,0.2550294101238251,2962,,,,,2369242,
2021-09-11,114,2054.773704596766,6919.192294597626,56.0,56,0.5746299501973007,1.35713529586792,0.2550294101238251,10279,80.0,80.0,80.0,,6209134,
2021-09-12,122,2173.4546809780445,7741.8160099983215,57.0,41,0.6129810593023004,3.1089606285095215,0.24737399816513062,11060,,,,,4670228,1371745
2021-09-13,103,2222.131281486535,7622.353908896446,66.0,48,0.42413272471013114,2.7411177158355713,0.2550294101238251,10380,,,,,4545966,1731522
2021-09-14,199,2294.335798843816,9264.978354096413,49.0,49,0.4444624553420626,1.601388692855835,0.2550294101238251,14294,,,,,9400721,221527
2021-09-15,71,1928.7480206334303,2901.3801114559174,2.0,2,0.4805250239330976,1.4189180135726929,0.2550294101238251,4847,,,,,4309266,
2021-09-16,110,2209.1286213738185,6964.873623609543,58.0,41,0.4608218138127149,2.7625153064727783,0.2550294101238251,9672,,,,,4943733,1428964
2021-09-17,132,2265.199280612331,7493.814240932465,52.0,38,0.5428934282995175,2.883706569671631,0.2550294101238251,10604,,,,,5867037,1547525
2021-09-18,155,2241.2490689162614,8506.529949903488,52.0,52,0.6377049130779282,1.4825152158737183,0.26565563678741455,12680,,,,,8883824,90835
2021-09-19,29,1696.7212801131113,1275.2748789787292,,,0.36120356591248765,1.240382432937622,0.24863038957118988,2251,,,,,760476,
2021-09-20,2,1655.2202498043928,96.91118907928467,,,0.4338824636987909,0.8570186495780945,0.2550294101238251,356,,,,,125727,
2021-09-21,102,2081.2988242406736,6549.226192474365,44.0,37,0.3910322278847441,2.357268810272217,0.2550294101238251,9556,,,,,5089200,670931
2021-09-22,93,2148.425537034608,6622.388876438141,61.0,45,0.5719016603830638,2.6473610401153564,0.2550294101238251,9029,,,,,4831997,1148892
2021-09-23,53,1733.7010486829072,2040.9308733940125,1.0,1,0.4031028958784103,1.4141539335250854,0.2550294101238251,3630,,,,,1326071,
2021-09-24,65,1891.526351940208,3540.4851608276367,19.0,17,0.45762718350053433,2.643322229385376,0.2550294101238251,5594,,,,,3555188,60269
2021-09-25,2,1647.9242752596679,75.23368453979492,,,0.31900313762566196,0.7397994995117188,0.31878677010536194,193,,,,,14138,
2021-09-26,63,1918.6195795780873,4858.774951100349,51.0,41,0.3894288176034056,2.731151819229126,0.26565563678741455,6653,,,,,2667542,621585
2021-09-27,24,1702.481575650356,897.6943135261536,,,0.5068106546952217,1.2388036251068115,0.26565563678741455,1706,,,,,848578,
2021-09-28,61,1832.1650988959957,2480.064097881317,2.0,2,0.4592407734442063,1.2195219993591309,0.26565563678741455,4142,,,,,2832055,
2021-09-29,50,1760.4615269264782,2157.855416417122,8.0,8,0.44368342600471405,1.4420560598373413,0.2550294101238251,3337,,,,,1543437,85017
2021-09-30,43,1765.0223605300137,2248.819535255432,7.0,7,0.6174230234319129,1.6791578531265259,0.26565563678741455,3584,,,,,1731255,30106
2021-10-01,41,1761.5486339892436,1843.0502495765686,1.0,1,0.41754111035773495,1.5265473127365112,0.2652662694454193,3028,,,,,1751993,
2021-10-02,67,1899.9253035031556,3599.8844723701477,26.0,18,0.4062570054149826,2.683727264404297,0.26286935806274414,5226,,,,,2204164,665674
2021-10-03,99,1965.355128191148,5312.81663274765,19.0,19,0.3708609617371694,1.2411084175109863,0.2518618404865265,8238,,,,,4869159,
2021-10-04,39,1720.1033132036869,1522.279383778572,1.0,1,0.40825818862626756,1.2022608518600464,0.26565563678741455,2544,,,,,1118098,
2021-10-05,121,2147.141775713706,8756.000968694687,87.0,71,0.6093671026768795,2.916059732437134,0.26565563678741455,11807,,,,,5277837,789509
2021-10-06,44,1703.601288806843,1454.785922050476,,,0.3927138092181231,1.3920011520385742,0.24654985964298248,2332,,,,,729656,60263
2021-10-07,33,1720.8799676414471,1207.1831238269806,2.0,2,0.43895052557684555,1.2544100284576416,0.2550294101238251,2178,,,,,1129977,
2021-10-08,49,1745.5908529454712,1870.3010069131851,,,0.4708251410290738,1.4856351613998413,0.25085654854774475,3186,,,,,1371836,60281
2021-10-09,46,1792.2458116402195,2276.0383973121643,9.0,9,0.4725975943939376,1.5048353672027588,0.26588767766952515,3596,,,,,2221499,
2021-10-10,90,2010.8185455344078,5365.075442075729,17.0,17,0.42485903972219263,1.3239343166351318,0.26565563678741455,8191,,,,,5564513,
2021-10-11,23,1816.6760184191876,886.4470254182816,,,0.6197219365592362,1.2181519269943237,0.31878677010536194,1635,,,,,2255180,150592
2021-10-12,162,2313.6078610048057,10437.004474557936,89.0,81,0.8188007621572169,2.9044189453125,0.26565563678741455,14466,,,,,7053267,1281511
2021-10-13,28,1722.455143578382,984.0290948152542,,,0.3916874069807509,1.1137241125106812,0.2762818932533264,1645,,,,,1154068,
2021-10-14,140,2215.067252713357,7306.27118396759,22.0,22,0.4829448305905591,1.4085183143615723,0.2507550120353699,11247,,,,,8688445,
2021-10-15,52,1748.8233187832086,1874.2000735998154,,,0.4966785404031263,1.394342303276062,0.2571466267108917,3120,,,,,1557363,
2021-10-16,35,1739.145716065608,1262.7109246253967,,,0.35705132446248594,1.1850022077560425,0.2550294101238251,2150,,,,,1272187,60755
2021-10-17,23,1732.9001462879903,890.7841486930847,,,0.3704409642484159,1.159902811050415,0.29352012276649475,1619,,,,,1313822,
2021-10-18,69,1977.853893708612,4943.176869511604,46.0,34,0.49193423466532266,2.683180093765259,0.2550294101238251,6672,,,,,3193064,725901
2021-10-19,40,1757.224060001055,1539.8886227607727,2.0,2,0.5483023338969408,1.4020432233810425,0.2550294101238251,2607,,,,,1483114,89803
2021-10-20,56,1808.571564172044,2673.888589143753,8.0,8,0.6867850821577415,1.437267780303955,0.24641112983226776,4344,,,,,2471197,
2021-10-21,46,1799.8823593619206,1698.7436037063599,,,0.45063123723446336,1.229209065437317,0.26253610849380493,2863,,,,,2338296,
2021-10-22,177,2192.260108492934,7181.184917092323,16.0,16,0.4646722521455665,1.6477400064468384,0.2550294101238251,11329,,,,,8339613,
2021-10-23,15,1688.4367286343168,625.5604913234711,,,0.4307459330579485,1.1713372468948364,0.2762818932533264,1299,,,,,633764,
2021-10-24,30,1698.5560933824943,1409.6814250946045,5.0,5,0.35334169487348105,1.50668466091156,0.2869080901145935,2305,,,,,788539,
2021-10-25,45,1725.853122525246,1509.076882481575,,,0.4409140724308755,1.2081660032272339,0.25234365463256836,2816,,,,,1206038,
2021-10-26,57,1795.9597908129272,2057.2749141454697,,,0.3751968823963739,1.2275621891021729,0.2550294101238251,3466,,,,,2278303,
2021-10-27,35,1737.410468875006,1197.055320262909,,,0.4030809234969885,1.2150707244873047,0.2550294101238251,2079,,,,,1382808,
2021-10-28,33,1783.2503151324602,1625.1022740602493,,,0.5433749982880176,1.2533739805221558,0.2550294101238251,2985,,,,,1647310,193396
2021-10-29,121,2098.760908289573,6010.262752652168,5.0,5,0.489105045779974,1.2215688228607178,0.23711392283439636,9387,,,,,6909568,
2021-10-30,58,1917.132015285456,2768.906367301941,,,0.4939689300129687,1.1727782487869263,0.2762818932533264,4619,,,,,4131601,
2021-10-31,10,1677.3619878493257,419.9509654045105,,,0.5659823093811349,1.2817299365997314,0.26565563678741455,855,,,,,464380,
2021-11-01,26,1744.5125526293155,991.240905046463,,,0.4105291755718479,1.1765481233596802,0.2550294101238251,1765,,,,,1491431,
2021-11-02,54,1738.4866472099268,2177.3036226034164,6.0,6,0.4440946788263824,1.3950896263122559,0.2550294101238251,3637,,,,,1399265,
2021-11-03,71,1889.7343897924686,3249.471622943878,12.0,12,0.4707995230407935,1.38483726978302,0.2550294101238251,5211,,,,,3712562,
2021-11-04,57,1816.3348149333992,1891.5256795883179,,,0.4788227108256453,1.245834231376648,0.25773265957832336,3368,,,,,2236062,156749
2021-11-05,105,1988.0476241620192,4259.134442448616,1.0,1,0.4382174111222231,1.306088924407959,0.2626408338546753,7113,,,,,5216238,
2021-11-06,53,1822.3724543796302,2558.6583762681257,,,0.38556102904743644,1.167441487312317,0.2645779550075531,4092,,,,,2682278,
2021-11-07,58,1888.3341914469781,3652.179625820836,28.0,28,0.3759807917963414,1.3585127592086792,0.2550294101238251,5541,,,,,3691146,
2021-11-08,76,1908.6533564245303,3832.465376016202,7.0,7,0.5531438624768402,1.1890805959701538,0.31878677010536194,5936,,,,,4001922,
2021-11-09,50,1688.2915665184528,1657.0647639036179,,,0.39752564934899115,1.414764165878296,0.2550294101238251,2756,,,,,631545,
2021-11-10,21,1702.1883660848882,808.5086711645126,,,0.3611382864629751,1.2228144407272339,0.2550294101238251,1453,,,,,844093,
2021-11-11,111,2078.994506675857,5377.813077926636,21.0,21,0.4399067034941626,1.3954780101776123,0.24601750075817108,8607,,,,,6607246,
2021-11-12,89,1928.8843278728727,4355.408575177193,18.0,18,0.5096735960831372,1.419627070426941,0.2550294101238251,6772,,,,,4311350,
2021-11-13,67,1908.8616136949381,3310.1648622751236,8.0,8,0.4256735956200363,1.3239001035690308,0.2869080901145935,5243,,,,,4005107,
2021-11-14,52,1863.8760718951798,2696.9389209747314,19.0,19,0.4084752988209558,1.5259482860565186,0.2550294101238251,4238,,,,,3317063,
2021-11-15,32,1720.7916372387713,989.7669036388397,,,0.3777242000825065,1.3536262512207031,0.24633575975894928,1901,,,,,1128626,
2021-11-16,47,1805.1277665476528,1658.880470752716,1.0,1,0.4981042795257858,1.1977967023849487,0.2550294101238251,2763,,,,,2418525,
2021-11-17,49,1753.2606449517657,1968.7602095603943,3.0,3,0.42946998193612956,1.344435453414917,0.2550294101238251,3302,,,,,1625231,
2021-11-18,60,1772.9247698250474,2121.4703431129456,1.0,1,0.4094114275668383,1.3984558582305908,0.2550294101238251,3616,,,,,1617829,136501
2021-11-19,134,2083.0183863862894,6468.58900809288,17.0,17,0.44916942626948375,1.3135647773742676,0.2550294101238251,10011,,,,,6392618,122331
2021-11-20,37,1787.4334249900016,2031.149506095269,10.0,10,0.3778981191301152,1.3033982515335083,0.2869080901145935,3483,,,,,2147895,
2021-11-21,48,1818.2444176505546,2745.2024280992955,13.0,13,0.5689926770742253,1.3699591159820557,0.2511298656463623,4281,,,,,2619141,
2021-11-22,111,2041.7298013517157,6880.624838590622,59.0,59,0.6509058461275528,1.6205230951309204,0.26565563678741455,10212,,,,,6037293,
2021-11-23,66,1982.4636972314702,3291.4174122810364,7.0,7,0.5645976889153412,1.3566535711288452,0.2550294101238251,5367,,,,,5130832,
2021-11-24,27,1794.679791556221,1234.1891289949417,,,0.40158011221600676,1.25666081905365,0.2550294101238251,2136,,,,,2258725,
2021-11-25,38,1751.6208250584307,1712.528608083725,1.0,1,0.47380910498674805,1.4127535820007324,0.24197600781917572,2945,,,,,1600151,
2021-11-26,58,1788.6517454956797,2214.2914094924927,,,0.5471672933785475,1.302526593208313,0.26565563678741455,3715,,,,,2166530,
2021-11-27,70,1916.053608747011,4141.003754019737,21.0,21,0.4111496839410153,1.4705493450164795,0.2869080901145935,6297,,,,,4115106,
2021-11-28,86,1957.501574753733,4923.644174575806,15.0,15,0.40304776986497937,1.3375242948532104,0.2625682055950165,7610,,,,,4749042,
2021-11-29,45,1778.749031539603,2290.338991880417,11.0,11,0.4358090723787103,1.4982211589813232,0.2550294101238251,3556,,,,,2015068,
2021-11-30,51,1773.9541198106383,1871.23477268219,2.0,2,0.4895895385094422,1.4755722284317017,0.2762818932533264,3133,,,,,1941731,
2021-12-01,28,1775.1020410222536,1195.1882195472717,1.0,1,0.4088488121411777,1.5453417301177979,0.2550294101238251,2087,,,,,1959288,
2021-12-02,92,1949.3624815327573,4465.6394238471985,14.0,14,0.4650402922216777,1.345549464225769,0.2550294101238251,6981,,,,,4624558,
2021-12-03,62,1887.4257080070186,2748.0843756198883,5.0,5,0.40545977424920787,1.395064353942871,0.2550294101238251,4791,,,,,3532027,64328
2021-12-04,20,1691.7420100229488,922.8956785202026,2.0,2,0.6570216725047002,1.7391088008880615,0.25374850630760193,1821,,,,,684319,
2021-12-05,93,1994.5135064692386,5234.963597247178,34.0,34,0.3749484998943859,1.3548661470413208,0.24477285146713257,8114,,,,,5315131,
2021-12-06,48,1800.665048204622,1995.9575912265234,4.0,4,0.42233259904766823,1.3900569677352905,0.2550294101238251,3199,,,,,2021415,145667
2021-12-07,26,1748.7155269607465,1208.3392187356949,1.0,1,0.4107707094958599,1.237807035446167,0.2550294101238251,2054,,,,,1555714,
2021-12-08,43,1833.8813445515398,1860.8114886283875,1.0,1,0.39771538472142104,1.4670981168746948,0.2550294101238251,3119,,,,,2858303,
2021-12-09,54,1771.8246472427418,1985.481684923172,1.0,1,0.6043557517887385,1.3094489574432373,0.2550294101238251,3397,,,,,1909164,
2021-12-10,69,1840.8651095432813,2850.8243033885956,6.0,6,0.44011433812781614,1.5610681772232056,0.2550294101238251,4708,,,,,2965118,
2021-12-11,133,2126.9960274135924,6856.048084337762,13.0,13,0.585864317125879,1.4658911228179932,0.2550294101238251,10842,,,,,7341418,
2021-12-12,26,1739.4319837291825,1396.3701589512325,4.0,4,0.5692457481504588,1.198964238166809,0.2762818932533264,2168,,,,,1413723,
2021-12-13,46,1776.9344536206497,2010.45656645298,1.0,1,0.4772052490063788,1.4018325805664062,0.24767395853996277,3483,,,,,1509249,211762
2021-12-14,85,1939.491626880595,3210.924780845642,,,0.42580517752275726,1.2894043922424316,0.2467007339000702,5528,,,,,4473585,
2021-12-15,94,1937.859074484261,3913.2132630348206,10.0,10,0.46155924927652364,1.3842418193817139,0.2550294101238251,6489,,,,,4448615,
2021-12-16,46,1758.6221921002748,2214.686466693878,5.0,5,0.41078988962264673,1.7860541343688965,0.2550294101238251,3899,,,,,1707235,
2021-12-17,55,1857.9589905784264,2072.4761164188385,,,0.39741897738835363,1.3474011421203613,0.2456190139055252,3568,,,,,3226564,
2021-12-18,16,1669.2354993144772,618.0198333263397,,,0.44813625413022856,1.192797064781189,0.30816054344177246,1285,,,,,340087,
2021-12-19,1,1652.923072782473,109.0250825881958,,,0.33181318660679177,0.8858546018600464,0.2550294101238251,375,,,,,90592,
2021-12-20,55,1860.9163083427427,2851.4567643404007,8.0,8,0.5058097302037885,1.5309972763061523,0.2550294101238251,4709,,,,,3271797,
2021-12-21,31,1775.3720257043024,1782.2001791000366,13.0,13,0.33964674332164824,1.3736780881881714,0.2550294101238251,2971,,,,,1963418,
2021-12-22,28,1746.1513326758957,1285.4718033075333,,,0.3840075058927938,1.4899365901947021,0.24884898960590363,2304,,,,,1516496,
2021-12-23,16,1706.7679863628978,766.6943141222,,,0.38990610565415534,1.3033474683761597,0.2550294101238251,1593,,,,,914138,
2021-12-24,53,1943.090029047547,1802.058725953102,,,0.33682154339485565,1.3764768838882446,0.2649824619293213,3230,,,,,4528622,
2021-12-25,41,1776.5580999018648,2269.8228093209013,9.0,9,0.3573610433159838,1.3668065071105957,0.2550294101238251,3533,,,,,1981559,
2021-12-26,78,1951.5517365075384,4760.301714557196,46.0,46,0.6877596516660319,1.3114140033721924,0.26565563678741455,7150,,,,,4658041,
2021-12-27,72,1819.9184820241258,2843.8125371932983,1.0,1,0.4167731841361789,1.296271562576294,0.2550294101238251,4804,,,,,2644743,
2021-12-28,98,2019.190008009967,5251.2676342874765,15.0,15,0.4149623480623716,1.2941560745239258,0.2504669427871704,8310,,,,,5692550,
2021-12-29,,1650.7235044082372,84.79728889465332,,,0.287891978657379,0.3222331404685974,0.2550294101238251,266,,,,,56950,
2021-12-30,60,1841.637207386888,2012.5371589660645,,,0.36549068243420235,1.1721774339675903,0.2550294101238251,3368,,,,,2976926,
2021-12-31,37,1759.8340486373604,1628.5082187652588,5.0,5,0.42572400467101806,1.4984575510025024,0.2550294101238251,2689,,,,,1725770,
2022-01-01,14,1668.8981109473602,566.2389068603516,,,0.4126186303414505,1.0120083093643188,0.2550294101238251,1246,,,,,334928,
2022-01-02,14,1657.1948043868604,593.5488874912262,,,0.3881414077411321,1.2356550693511963,0.26565563678741455,1170,,,,,155928,
2022-01-03,129,2080.9337194625487,5498.726150512695,12.0,12,0.63722171542086,1.3790031671524048,0.26565563678741455,8630,,,,,6636906,
2022-01-04,24,1747.336139348024,1062.0368534326553,1.0,1,0.4950659848708691,1.2604459524154663,0.2550294101238251,1919,,,,,1534617,
2022-01-05,91,1929.3583994828443,4260.639158844948,4.0,4,0.47905091953008094,1.2998725175857544,0.26229262351989746,6880,,,,,4318600,
2022-01-06,96,2054.4278811501968,4310.566014289856,5.0,5,0.39512896331473873,1.6445540189743042,0.2550294101238251,6967,,,,,6230951,
2022-01-07,32,1752.5976129305482,1183.9900603294373,,,0.3930159798911517,1.2455791234970093,0.2869080901145935,2070,,,,,1431150,81477
2022-01-08,35,1729.9001323643085,1642.1674238443375,3.0,3,0.39387599167629084,1.3592636585235596,0.2550294101238251,2902,,,,,1267939,
2022-01-09,80,1923.0996688612395,3665.307370185852,11.0,11,0.571440679899348,1.3942278623580933,0.2550294101238251,5779,,,,,4222873,
2022-01-10,49,1733.7378111289079,1714.1585620641708,,,0.383923835195095,1.162611961364746,0.27303752303123474,3083,,,,,1120502,91307
2022-01-11,42,1815.5419381237293,1823.304479598999,,,0.4396066035877833,1.201925277709961,0.2550294101238251,3338,,,,,2577806,
2022-01-12,51,1779.6934284543336,1883.7748864889145,,,0.43550700111363067,1.2102593183517456,0.2550294101238251,3323,,,,,2029513,
2022-01-13,57,1801.3185477602813,2167.592103600502,3.0,3,0.4496735724969015,1.450508952140808,0.2762818932533264,3622,,,,,2360264,
2022-01-14,82,1905.0322160355392,3876.1084508895874,20.0,20,0.45372904994065005,1.3846795558929443,0.26565563678741455,6050,,,,,3946538,
2022-01-15,52,1846.3606383506058,2245.4790452718735,2.0,2,0.3890143057490776,1.666124939918518,0.2550294101238251,3686,,,,,3049171,
2022-01-16,37,1763.8824089647069,2185.9662013053894,13.0,13,0.42143420645984825,1.320848822593689,0.2550294101238251,3429,,,,,1787687,
2022-01-17,52,1774.2607382436277,2043.0095127820969,5.0,5,0.39912138921142903,1.4814668893814087,0.2550294101238251,3470,,,,,1946421,
2022-01-18,34,1725.2780563698202,1371.1948223114014,,,0.555214050255822,1.2575998306274414,0.297534316778183,2374,,,,,1197242,
2022-01-19,129,2137.460724988164,6679.559144973755,33.0,33,0.453291757867648,1.519100546836853,0.2762818932533264,10355,,,,,7501473,
2022-01-20,59,1854.379526435438,2459.9252915382385,4.0,4,0.6946070021611814,1.504901647567749,0.2550294101238251,4079,,,,,3171819,
2022-01-21,68,1892.1358068496727,2496.5681211948395,,,0.3839620533342484,1.309272289276123,0.2550294101238251,4246,,,,,3749290,
2022-01-22,27,1753.5759222616578,1490.0991458892822,5.0,5,0.32581325277676,1.6338539123535156,0.2550294101238251,2433,,,,,1628775,
2022-01-23,94,1959.325461211948,5518.086418628693,42.0,41,0.4853747354441548,1.7045048475265503,0.2527363896369934,8108,,,,,4776576,
2022-01-24,39,1778.528543903506,1481.3707324266434,,,0.40293457013950806,1.3450360298156738,0.26565563678741455,2627,,,,,2011696,
2022-01-25,80,1889.9658341745442,3954.746918797493,18.0,18,0.7584926618744292,1.6911920309066772,0.2550294101238251,6246,,,,,3716102,
2022-01-26,121,2052.1049687545014,5864.175221698285,26.0,25,0.45935690380566896,1.7995870113372803,0.2550294101238251,8933,,,,,6195976,
2022-01-27,78,1904.683866612221,3880.8405541014663,19.0,19,0.4826187866610518,1.3256874084472656,0.2550294101238251,6182,,,,,3941208,
2022-01-28,29,1731.0260563848742,1516.395731329918,5.0,5,0.5398086573327646,1.3267621994018555,0.2550294101238251,2723,,,,,1285158,
2022-01-29,51,1851.5237419888404,2898.2565128803253,11.0,11,0.6420671906708023,1.6863768100738525,0.2535308301448822,4338,,,,,3128140,
2022-01-30,23,1717.4263561677844,964.7660465240479,1.0,1,0.3322724485335794,1.5371453762054443,0.24965450167655945,1921,,,,,1077153,
2022-01-31,105,2032.363625902457,4893.610646486282,17.0,17,0.44599483293955544,1.345716118812561,0.2550294101238251,7819,,,,,5894040,
2022-02-01,128,2088.208103883433,6250.653111338615,26.0,26,0.5335446474815342,1.6004977226257324,0.2715320587158203,9630,,,,,6748166,
2022-02-02,126,2031.7718449312397,4597.202664136887,,,0.43496178169699207,1.5483704805374146,0.2634972631931305,7835,,,,,5884989,
2022-02-03,75,1903.1538396774617,3363.0961335897446,4.0,4,0.5188609658554064,1.4225510358810425,0.2550294101238251,5468,,,,,3917810,
2022-02-04,61,1804.7502418280549,2151.189453125,,,0.5669002992146932,1.139849066734314,0.26565563678741455,3765,,,,,2412753,
2022-02-05,60,1918.5010737464536,2452.7662675380707,,,0.3771067572406065,1.335889458656311,0.2550294101238251,4205,,,,,3948706,90290
2022-02-06,11,1659.96634462326,589.1180000305176,,,0.31400050111394856,0.5299050211906433,0.2550294101238251,1256,,,,,198318,
2022-02-07,66,1867.7150075526054,3143.786142230034,9.0,9,0.542266304023694,1.473117709159851,0.2762818932533264,5111,,,,,3375781,
2022-02-08,87,1913.1794680983987,3291.626395702362,1.0,1,0.5203733090344921,1.3324638605117798,0.2539539039134979,5523,,,,,4071148,
2022-02-09,27,1704.3924409754118,995.0801255702972,,,0.41772492325529564,1.4675053358078003,0.26565563678741455,1793,,,,,877804,
2022-02-10,109,1984.947836414785,4555.121463775635,9.0,9,0.6433888652949504,1.819021463394165,0.26565563678741455,7376,,,,,5168825,
2022-02-11,14,1672.6869733277706,519.426965713501,,,0.32299437776865597,0.8522672653198242,0.2762818932533264,944,,,,,392877,
2022-02-12,28,1689.9800807362462,879.8515725135803,,,0.41826102282994015,0.7940948605537415,0.2869080901145935,1518,,,,,657369,
2022-02-13,5,1671.1508477493608,196.60012447834015,,,0.32968325285635863,0.7680705189704895,0.2550294101238251,523,,,,,369381,
2022-02-14,19,1694.370388839891,677.1346607208252,,,0.3066753695291475,0.7981054782867432,0.25458604097366333,1235,,,,,724520,
2022-02-15,27,1680.9017848215237,1042.4328384399414,,,0.4380297638350566,0.7721384167671204,0.2550294101238251,1844,,,,,518520,
2022-02-16,14,1695.043866891659,926.3033834695816,2.0,2,0.3458263008148711,1.645749568939209,0.2550294101238251,1637,,,,,734820,
2022-02-17,69,1919.6296714373075,3734.030386209488,16.0,16,0.4866901389069099,1.6507065296173096,0.26565563678741455,6114,,,,,4169801,
2022-02-18,74,1826.287184691718,2696.8388879299164,,,0.4900536237279724,2.182105541229248,0.2550294101238251,4577,,,,,2742153,
2022-02-19,43,1801.978766784652,2286.3360090255737,10.0,10,0.3011743378343053,1.5458498001098633,0.2550294101238251,3616,,,,,2370362,
2022-02-20,68,1902.4636526317781,3915.134669780731,12.0,12,0.4661148572171241,1.2745076417922974,0.26565563678741455,6122,,,,,3907252,
2022-02-21,110,2079.717288271882,4343.511386246462,,,0.4992405409946967,1.860446810722351,0.2550294101238251,7382,,,,,6618304,
2022-02-22,52,1795.8749271622207,1860.7643729736608,,,0.36708137202844526,1.3132096529006958,0.251738578081131,3358,,,,,2277004,
2022-02-23,56,1806.9456923959403,2145.576910018921,,,0.42378836190851565,1.23366379737854,0.2550294101238251,3955,,,,,2446329,
2022-02-24,89,1895.9220096254514,3717.46564078331,2.0,2,0.46509615200519794,1.3602460622787476,0.249990776181221,6265,,,,,3807201,
2022-02-25,63,1799.4331740356877,2256.178636431694,,,0.45857495247453833,1.3835785388946533,0.2550294101238251,3860,,,,,1955771,166399
2022-02-26,7,1660.025825982168,337.87821674346924,,,0.3458257388830891,1.1807750463485718,0.2869080901145935,701,,,,,199228,
2022-02-27,88,1986.6949144426103,4757.6762907505035,12.0,12,0.4040652088526999,1.565847396850586,0.2550294101238251,7481,,,,,5195549,
2022-02-28,45,1792.6151512874656,1905.5699625015259,2.0,2,0.470946130846632,1.4640130996704102,0.2550294101238251,3206,,,,,2053053,77116
2022-03-01,137,2138.1309758029574,7415.246142625809,41.0,41,0.5367544571173565,1.4935824871063232,0.2550294101238251,11356,,,,,7511723,
2022-03-02,65,1872.4974462655316,2788.6266000270844,5.0,5,0.46882782538446816,1.3483396768569946,0.2550294101238251,4624,,,,,3448929,
2022-03-03,45,1779.3834469152976,1789.32093334198,,,0.4334018973163165,1.0804452896118164,0.2762818932533264,3228,,,,,2024772,
2022-03-04,111,1985.0734539452035,4029.658304333687,,,0.3873729236984444,1.3757109642028809,0.26565563678741455,6801,,,,,4805669,161714
2022-03-05,63,1913.2765198844525,3382.0942120552063,16.0,16,0.47954127832425336,1.4943208694458008,0.2762818932533264,5371,,,,,4072632,
2022-03-06,16,1766.9902339833282,983.7080030441284,6.0,6,0.5898531872301991,1.5291162729263306,0.3187867999076843,1612,,,,,1835222,
2022-03-07,68,1869.727163980565,3364.3208595514297,18.0,17,0.46850292006540717,1.7788200378417969,0.2550294101238251,5183,,,,,3170148,104718
2022-03-08,43,1780.4180185929001,1580.2517496951568,,,0.5606212042024843,2.8010153770446777,0.2762818932533264,2626,,,,,1424340,262065
2022-03-09,104,2001.6630106301095,4611.3749837271225,9.0,8,0.49318139510590525,2.662198781967163,0.24895258247852325,7272,,,,,5029735,174854
2022-03-10,70,1872.274481821226,2824.7553057670593,,,0.41568028968328885,1.4665193557739258,0.2550294101238251,4726,,,,,3445518,
2022-03-11,84,1993.9097010805954,4886.080274224281,17.0,17,0.39643233957612617,1.31374192237854,0.25286954641342163,7612,,,,,5305895,
2022-03-12,82,1933.445221652772,4340.069401741028,14.0,14,0.39656456060773315,1.3149631023406982,0.2550294101238251,6950,,,,,4381108,
2022-03-13,11,1675.9123180368072,589.7755258083344,,,0.31887706592934695,0.40282341837882996,0.26565563678741455,1279,,,,,276405,73443
2022-03-14,85,1947.5289914397588,3986.103403568268,7.0,7,0.4471345965754673,1.2185176610946655,0.2557661831378937,6638,,,,,4596514,
2022-03-15,37,1718.1197462581674,1460.2594647407532,,,0.4938345704174834,1.3967182636260986,0.2550294101238251,2588,,,,,1087760,
2022-03-16,43,1814.6209368744494,2134.3799055814743,2.0,2,0.3859670538072123,1.2965424060821533,0.2550294101238251,3674,,,,,2563722,
2022-03-17,16,1685.5241091899395,773.4391787052155,,,0.3121809728712952,0.965668797492981,0.2550294101238251,1417,,,,,589217,
2022-03-18,113,2018.4116618839748,4639.233522415161,6.0,6,0.44193194704303995,1.2935718297958374,0.2550294101238251,7894,,,,,5680648,
2022-03-19,77,1837.1954226880546,3346.986894607544,3.0,3,0.4175491374139033,1.3203529119491577,0.2550294101238251,5847,,,,,2520564,172056
2022-03-20,12,1659.423650612459,626.0972723960876,,,0.339437079253159,0.588188648223877,0.2550294101238251,1302,,,,,190017,
2022-03-21,116,2022.033990769803,5830.903049707413,31.0,31,0.4354823879482976,1.5684542655944824,0.24620960652828217,9354,,,,,5736052,
2022-03-22,32,1698.495813408992,1126.6115717887878,,,0.35735208791171474,1.1628931760787964,0.2550294101238251,2154,,,,,787617,
2022-03-23,55,1809.908036083955,2163.416245698929,5.0,5,0.6263159306891043,1.3618583679199219,0.2550294101238251,3619,,,,,2491637,
2022-03-24,48,1818.810736864605,2546.6049040555954,11.0,11,0.41000991270588505,1.5393304824829102,0.2528570294380188,4339,,,,,2627804,
2022-03-25,42,1762.8621296941228,1652.186637878418,,,0.4945524600132322,1.4151606559753418,0.2550294101238251,2797,,,,,1772083,
2022-03-26,8,1680.3755751820072,291.37113666534424,,,0.3208366669700239,0.6315391659736633,0.2550294101238251,672,,,,,510472,
2022-03-27,98,1979.4065617255376,5324.4991979599,31.0,31,0.43392903266391825,1.502182960510254,0.26565563678741455,8311,,,,,5083707,
2022-03-28,37,1713.4433668413467,1315.5172398090363,1.0,1,0.3876835121400338,1.3028093576431274,0.26393821835517883,2303,,,,,1016235,
2022-03-29,66,1825.9364001701692,2677.773560523987,7.0,7,0.4159520946457932,1.5899735689163208,0.2550294101238251,4328,,,,,2736787,
2022-03-30,69,1905.2076714906143,3025.125121176243,6.0,6,0.5836114426032881,1.4857226610183716,0.2550294101238251,4924,,,,,3949222,
2022-03-31,25,1688.829121369675,905.6228513717651,,,0.36637773696279063,1.1694750785827637,0.2550294101238251,1650,,,,71051,563886,
2022-04-01,90,1983.0134805606986,3496.2432915539725,1.0,1,0.4314895255429279,1.3301106691360474,0.2550294101238251,5900,,,,,5139242,
2022-04-02,81,1942.7347087411229,3825.792150321485,,,0.39739251639937384,1.4235934019088745,0.25053033232688904,6122,,,,,4523189,
2022-04-03,5,1650.987492373728,342.37701988220215,,,0.3022461624328577,0.6250937581062317,0.2550294101238251,851,,,,,60989,
2022-04-04,5,1658.1127661144935,401.6713705062866,,,0.32198378711105774,0.7323176860809326,0.26565563678741455,806,,,,,169968,
2022-04-05,28,1782.6801490485934,1720.5387082099915,6.0,6,0.3495242393581368,1.3442425727844238,0.2550294101238251,2914,,,,,2075194,
2022-04-06,98,2020.293809857668,5190.081230640411,9.0,9,0.3879259107681721,1.2261403799057007,0.26565563678741455,8154,,,,,5709436,
2022-04-07,36,1754.910793061273,1652.30863904953,2.0,2,0.43844432375880227,1.2971891164779663,0.2762818932533264,3019,,,,,1650470,
2022-04-08,16,1692.679357800115,636.2653546333313,,,0.31301541121210225,1.1304779052734375,0.26565563678741455,1136,,,,,698656,
2022-04-09,126,2145.63801287831,6665.391303969363,33.0,33,0.5918513443126111,1.3466641902923584,0.2550294101238251,10091,,,,,7626542,
2022-04-10,92,2010.2538734275745,5264.882334755917,34.0,34,0.49097657630940994,1.489090085029602,0.2513151168823242,8018,,,,,5555876,
2022-04-11,27,1698.4491082969587,935.82907807827,,,0.525324843522031,1.1719127893447876,0.26565563678741455,1701,,,,,786901,
2022-04-12,50,1824.8852619547704,1835.3760509490967,,,0.5368902587895804,1.7726894617080688,0.2762818932533264,3047,,,,,2720710,
2022-04-13,44,1773.2649392086541,1772.3311858177185,5.0,5,0.4613475169219853,1.5018240213394165,0.297534316778183,2979,,,,,1931192,
2022-04-14,74,1939.2811980513077,4031.442244529724,18.0,18,0.4827215725116612,1.401825189590454,0.24010668694972992,6261,,,,,4470367,
2022-04-15,110,2004.5815031432012,5601.082247972488,10.0,10,0.5784498541123332,1.2735365629196167,0.26565563678741455,8870,,,,,5469117,
2022-04-16,73,1920.76747288859,3203.114445924759,10.0,10,0.3891012489377448,1.3609991073608398,0.2550294101238251,5085,,,,,4187205,
2022-04-17,56,1829.314158383428,2886.063822746277,18.0,18,0.5042918988723417,1.5017670392990112,0.2762818932533264,4420,,,,,2788451,
2022-04-18,79,1926.4060991665494,4059.872480869293,10.0,10,0.4966970049426906,1.284940481185913,0.2550294101238251,6617,,,,,4273447,
2022-04-19,71,1853.5075235953445,2108.8602674007416,15.0,15,0.44437411930819626,1.3370040655136108,0.2550294101238251,3412,,,,1000013,1789845,133172
2022-04-20,40,1792.6261017739569,1561.9805974960327,2.0,2,0.49957752587353565,1.3352278470993042,0.2550294101238251,2572,,,,,2227316,
2022-04-21,56,1805.4372277766795,2543.355532646179,6.0,6,0.41273598304437265,1.4289627075195312,0.25553080439567566,4066,,,,,2423257,
2022-04-22,41,1731.8811173737006,1558.7719640731812,1.0,1,0.4218472408400221,1.21669340133667,0.2762818932533264,2528,,,,,1298236,
2022-04-23,92,2019.9937920412,5786.77103958786,46.0,39,0.5471484116499801,2.652448892593384,0.2520756721496582,8175,,,,,3459248,976833
2022-04-24,67,1906.2963540819596,4242.211099045868,38.0,38,0.3813354364834901,1.5163871049880981,0.2550294101238251,6309,,,,,3965873,
2022-04-25,59,1793.0364270858524,2196.5676041841507,,,0.6333388118364344,1.1221593618392944,0.24531051516532898,3809,,,,,2233591,
2022-04-26,81,1868.7635563201525,2787.5783054612184,2.0,2,0.4529385707924758,1.306795358657837,0.2550294101238251,4604,,,,,3391819,
2022-04-27,86,1915.5646515911142,3687.622251119796,5.0,5,0.6680479717638562,1.4114665985107422,0.2550294101238251,5671,,,,,3971789,60171
2022-04-28,38,1748.1464184870306,1606.5307568264063,4.0,4,0.44394623870152017,1.3499891757965088,0.2550294101238251,2696,,,,,1547010,
2022-04-29,126,2007.5005993788552,5547.660082697868,28.0,28,0.4653064534956788,1.354454517364502,0.2550294101238251,8945,,,,,5513766,
2022-04-30,48,1746.427444866686,1959.9150536060333,3.0,3,0.5636746029314563,1.4474146366119385,0.26565563678741455,3215,,,,,1520718,
2022-05-01,93,2073.837863309706,4347.4417316913605,3.0,3,0.4029901437658152,1.312055230140686,0.25430673360824585,6731,,,,,2241081,1899077
2022-05-02,53,1816.8411752538304,1994.8893557786942,,,0.4170680735099941,1.269027590751648,0.26565563678741455,3465,,,,,2286224,137960
2022-05-03,63,1807.4433510433287,2574.4910427331924,4.0,4,0.3542106341772291,1.3301535844802856,0.25297975540161133,4643,,,,,2453943,
2022-05-04,58,1809.5080258032337,2137.454535007477,,,0.35925557202951225,1.158437967300415,0.2550294101238251,3632,,,,,2485519,
2022-05-05,41,1774.635318888156,1481.3283243179321,,,0.4552967898666921,1.1890829801559448,0.26565563678741455,2795,,,,,1952150,
2022-05-06,40,1757.2767300193673,1398.795040845871,,,0.5315940348482185,1.2942678928375244,0.297534316778183,2196,,,,,1686655,
2022-05-07,144,2259.256244139695,7356.872699260712,31.0,31,0.45142200375756497,1.6196205615997314,0.25792038440704346,11416,,,,,9364303,
2022-05-08,27,1754.902904021642,1415.078224748373,4.0,4,0.46915434307751225,1.3283798694610596,0.2762818932533264,2436,,,,,1650349,
2022-05-09,65,1821.3399694812479,3249.209116458893,17.0,17,0.5109828952650413,1.5342406034469604,0.2550294101238251,5183,,,,,2666486,
2022-05-10,50,1790.7212094041238,2002.1296194791794,,,0.48708220323350043,1.3947194814682007,0.26556000113487244,3478,,,,,2198182,
2022-05-11,53,1809.2559743483566,2675.397910118103,8.0,8,0.47313737011821283,1.4251118898391724,0.2550294101238251,4292,,,,,2481664,
2022-05-12,47,1764.3437604853614,2043.3089225292206,2.0,2,0.40671553389172993,1.5127724409103394,0.2550294101238251,3504,,,,,1794745,
2022-05-13,85,1899.810251572052,3309.7427076101303,,,0.441712237615382,1.22706139087677,0.2538313567638397,5754,,,,,3866670,
2022-05-14,40,1757.4362786210395,1866.9060167074203,3.0,2,0.41306971697171446,1.858544945716858,0.2550294101238251,3402,,,,,1689096,
2022-05-15,19,1689.9356868611267,744.1067430973053,,,0.3975523498062161,1.2567116022109985,0.2869080901145935,1335,,,,,656691,
2022-05-16,59,1808.3250696073208,2647.1240496635437,7.0,7,0.5389627775546144,1.3924778699874878,0.2550294101238251,4369,,,,,2467426,
2022-05-17,56,1802.2011760935795,2092.511703014374,,,0.43749298915420937,1.2245502471923828,0.24565006792545319,3505,,,,,2373763,
2022-05-18,130,2043.7747959287874,5445.114945411682,8.0,8,0.426734032517135,1.4780892133712769,0.256150484085083,8698,,,,,6068574,
2022-05-19,42,1753.6148428054316,1561.4155812263489,,,0.46142839912492745,1.4810397624969482,0.25404784083366394,2855,,,,,1630646,
2022-05-20,74,1895.8023756553189,3630.164892435074,6.0,6,0.4884969665515674,1.2828527688980103,0.2550294101238251,5806,,,,,3805369,
2022-05-21,68,1862.0358660248821,3205.873810529709,10.0,10,0.4247573668122168,1.4439104795455933,0.2550294101238251,5365,,,,,3288921,
2022-05-22,38,1711.7024973084367,1519.6082428693771,,,0.3450011830783474,0.9031568169593811,0.2550294101238251,2603,,,,,989610,
2022-05-23,48,1765.6425189993115,1725.2288720607758,,,0.4583574224926772,1.4384922981262207,0.2640284597873688,3122,,,,,1814607,
2022-05-24,52,1767.2389506625832,2356.629189133644,1.0,1,0.41120573341752903,1.2635631561279297,0.2550294101238251,3917,,,,,1839025,
2022-05-25,89,1918.0754508134692,3987.03564286232,3.0,3,0.4070072924438826,1.3416025638580322,0.2531370222568512,6363,,,,,4146034,
2022-05-26,51,1721.8793497330382,1998.8262131214142,1.0,1,0.43680106198215923,1.2936235666275024,0.2922169864177704,3451,,,,,1145263,
2022-05-27,111,2005.1897602108215,5164.1043174266815,19.0,19,0.5857438558133006,1.3875657320022583,0.2479034960269928,8247,,,,,5478421,
2022-05-28,104,1934.4340690144172,5104.8210463523865,16.0,16,0.42853888734032647,1.2955739498138428,0.24888291954994202,8372,,,,,4396232,
2022-05-29,60,1796.247829521752,2790.4916310310364,2.0,2,0.38761010633999754,1.3314800262451172,0.2547495663166046,4833,,,,,1939966,151820
2022-05-30,60,1825.730410266511,2332.091761112213,,,0.4969577540003936,1.107041358947754,0.2762818932533264,4108,,,,,2733638,
2022-05-31,58,1806.0701761028686,2534.0324767827988,2.0,2,0.45928048798224186,1.3776541948318481,0.2550294101238251,4393,,,,,2432940,
2022-06-01,49,1770.7657369039855,2215.2527434825897,5.0,4,0.5856674788932416,1.9495350122451782,0.2762818932533264,3709,,,,,1892966,
2022-06-02,59,1770.168215450353,2421.539078235626,5.0,5,0.42556142144228243,1.4858953952789307,0.2550294101238251,4133,,,,,1883828,
2022-06-03,23,1687.1615716379508,1006.4900035858154,,,0.4146848947160856,1.2206841707229614,0.2762818932533264,1989,,,,,614262,
2022-06-04,60,1775.196901959526,2334.7016870975494,,,0.37107161818400436,0.9683246612548828,0.2550294101238251,4107,,,,,1960740,
2022-06-05,96,1923.2305089125691,3762.6785184144974,9.0,9,0.4043358217036106,1.491808533668518,0.2517036497592926,6490,,,,,4020597,90486
2022-06-06,53,1785.0038330218358,2136.7326381206512,,,0.44565972897632555,1.4286123514175415,0.26565563678741455,3707,,,,,2110734,
2022-06-07,45,1758.9920834793734,1641.7302161455154,,,0.47575748120222366,1.1753243207931519,0.2550294101238251,2767,,,,,1712889,
2022-06-08,54,1776.680825363416,2172.847591996193,3.0,3,0.4653130598884161,2.219984292984009,0.25052177906036377,3455,,,,,1983436,
2022-06-09,34,1782.396833247916,1563.1256268024445,,,0.3569329860413709,1.2721279859542847,0.2549020051956177,2945,,,,,1797704,120996
2022-06-10,56,1834.7148612911296,2199.25940990448,,,0.5145861999350925,1.2017629146575928,0.2550294101238251,3629,,,,,2871050,
2022-06-11,84,1933.3138159872483,4709.976162910461,26.0,24,0.4051519244887329,1.9069350957870483,0.26565563678741455,7270,,,,,4371676,
2022-06-12,84,1872.3813786993603,3032.4393689632416,,,0.3804752015435202,1.0934008359909058,0.2550294101238251,5288,,,,,3447153,
2022-06-13,44,1796.2133464294623,1699.2366392612457,,,0.4305465527448446,1.4209246635437012,0.2550294101238251,2834,,,,,1811276,208589
2022-06-14,74,1820.6492674224846,3144.0489683151245,2.0,2,0.41249278138928475,1.7358160018920898,0.2550294101238251,5298,,,,,2587427,30340
2022-06-15,27,1746.9110591413441,1225.8778030872345,,,0.35907937663264994,1.057619571685791,0.26303979754447937,2394,,,,,1528115,
2022-06-16,53,1785.1412091216819,2212.7409706115723,1.0,1,0.4217576020486894,1.7982417345046997,0.2550294101238251,3904,,,,,2112836,
2022-06-17,34,1797.848891073512,1412.4154169559479,,,0.5339309299130781,1.2970023155212402,0.2550294101238251,2561,,,,,2307195,
2022-06-18,24,1739.8778713603258,906.5727729797363,,,0.35381526820439285,1.327505350112915,0.27569296956062317,1673,,,,,1420545,
2022-06-19,19,1649.6215561333647,620.9966969490051,,,0.3211482153758488,0.5966070294380188,0.26565563678741455,1204,,,,,40097,
2022-06-20,68,1953.7715624683665,2348.809613108635,,,0.45789901384081994,1.2272471189498901,0.2550294101238251,3971,,,,,4343071,154557
2022-06-21,63,1801.6600167460206,2132.2291499376297,1.0,1,0.4410958789327466,1.294429063796997,0.2526243031024933,3635,,,,,2091342,121434
2022-06-22,33,1745.5331084428153,1245.051432609558,,,0.4907589445557009,1.24483060836792,0.26565563678741455,2109,,,,,1507039,
2022-06-23,51,1761.6475390291446,2118.4037622213364,1.0,1,0.38318918819641845,1.3441178798675537,0.2550294101238251,3597,,,,,1616315,60770
2022-06-24,7,1646.999960382375,345.4944772720337,,,0.3442089458507578,0.5165411829948425,0.2762818932533264,659,,,,,,
2022-06-25,34,1764.6830362060632,1574.04505610466,1.0,1,0.41283550391203505,1.448652744293213,0.24778620898723602,2783,,,,,1799934,
2022-06-26,24,1726.2049571337093,1495.168933391571,5.0,5,0.3789060590912254,1.3153828382492065,0.26565563678741455,2653,,,,,1211421,
2022-06-27,85,1922.2468834969652,2921.312378048897,1.0,1,0.5431310852073146,1.2643506526947021,0.26565563678741455,4978,,,,,4209832,
2022-06-28,135,2011.8397606324936,6469.682130813599,16.0,16,0.4379911607511473,1.4189122915267944,0.26157906651496887,10364,,,,,5580129,
2022-06-29,26,1711.6907093917387,988.1803324222565,,,0.370147148627448,1.2408056259155273,0.2471667230129242,1756,,,,,989430,
2022-06-30,13,1722.3193894205103,668.9559478759766,,,0.6099396277243374,1.3726806640625,0.2550294101238251,1453,,,,,1151990,
2022-07-01,57,1785.958314640263,2186.0540742874146,,,0.5382748094717765,1.6356576681137085,0.2869080901145935,3598,,,,,1907439,96517
2022-07-02,39,1823.2481610471723,1579.93064057827,,,0.39491853936683724,1.2065818309783936,0.26565563678741455,2899,,,,,2695671,
2022-07-03,35,1779.2829853685828,1764.207916378975,6.0,6,0.4736007314730267,1.602105975151062,0.25672781467437744,3216,,,,,2023235,
2022-07-04,49,1793.9280209808928,2033.322201371193,2.0,2,0.4577353602677777,1.2525966167449951,0.2550294101238251,3495,,,,,2247226,
2022-07-05,126,2205.972273158042,5808.037014245987,5.0,5,0.49766697333023907,1.4236892461776733,0.2550294101238251,9176,,,,,8343499,91179
2022-07-06,56,1822.518349119515,2663.0180461098994,,,0.4595270173878749,1.2750049829483032,0.26565563678741455,4520,,,,,2684510,
2022-07-07,100,1971.9453872217775,3641.465650350825,2.0,2,0.41160788578371765,1.308398723602295,0.25654304027557373,6111,,,,,4969958,
2022-07-08,19,1723.678364291845,806.5893836021423,,,0.373425836546732,1.5191664695739746,0.26565563678741455,1554,,,,,1172777,
2022-07-09,116,2055.407204645506,6196.307810783386,26.0,26,0.3869816002232866,1.356568694114685,0.2587110996246338,9820,,,,,6110434,60264
2022-07-10,83,1888.4846248594824,3084.004034280777,1.0,1,0.41013443928127247,1.4903781414031982,0.25188297033309937,5216,,,,,3500841,85316
2022-07-11,102,2003.4377134915287,3723.1593836545944,,,0.3912500219854104,1.298593521118164,0.2550294101238251,6341,,,,,5451626,
2022-07-12,77,1904.920493013152,3176.6894540786743,7.0,7,0.40817036434929493,1.3813204765319824,0.2550294101238251,5157,,,,,3944830,
2022-07-13,81,1964.0627844750593,3845.729215025902,,,0.5086419011172425,1.708970308303833,0.2550294101238251,6250,,,,,4849396,
2022-07-14,69,1841.209778998137,3281.64405451715,12.0,12,0.5017187733942832,1.6903045177459717,0.2550294101238251,5344,,,,,2970389,
2022-07-15,36,1736.1446827713396,1508.5530235767365,1.0,1,0.5403048822597216,1.409244418144226,0.2535627782344818,2455,,,,,1363446,
2022-07-16,37,1785.1995679177683,1688.3922595977783,7.0,7,0.4485846086644119,1.3904794454574585,0.2550294101238251,2787,,,,,1962309,67072
2022-07-17,50,1824.1746365775102,2043.7365090847015,1.0,1,0.4214592766520956,1.2371822595596313,0.24704430997371674,3557,,,,,2709842,
2022-07-18,41,1784.649593540131,1902.0808196650742,1.0,1,0.5887398042560636,1.2721614837646484,0.26565563678741455,3215,,,,,2105317,
2022-07-19,64,1833.6832354572355,2634.0656822336914,3.0,3,0.41642411517479083,1.1882145404815674,0.2550294101238251,4510,,,,,2855274,
2022-07-20,90,1996.986635002793,4023.7739794254303,,,0.39008757568999847,1.1952451467514038,0.2486122101545334,6585,,,,,5352958,
2022-07-21,39,1786.2374119656142,1475.358166217804,,,0.4759106833940592,1.2512320280075073,0.2550294101238251,2687,,,,,2129602,
2022-07-22,7,1669.4738012251573,445.14707911014557,,,0.5193430216192869,1.2725579738616943,0.2550294101238251,974,,,,,343731,
2022-07-23,52,1838.6012222780494,2379.2829666137695,5.0,5,0.5038760617603807,1.300830602645874,0.2550294101238251,3962,,,,,2930493,
2022-07-24,11,1667.3203237178063,596.9662699699402,,,0.31080645396470313,0.9694100618362427,0.2638687193393707,1242,,,,,310796,
2022-07-25,108,2295.131205496404,6615.699245095253,35.0,35,0.553052161964608,1.389506459236145,0.2550294101238251,9395,,,,,3521952,2830944
2022-07-26,85,1951.6374641293023,4786.442773325397,23.0,23,0.42516176958946567,1.572434902191162,0.26565563678741455,7356,,,,,3217021,638888
2022-07-27,98,1910.1000230222992,3942.0726411509972,5.0,5,0.5596287191109887,1.3294647932052612,0.2550294101238251,6294,,,,,2793114,545250
2022-07-28,40,1741.1496077649263,1649.80366563797,,,0.45850698888164854,1.3448600769042969,0.2550294101238251,2761,,,,,1303925,60273
2022-07-29,86,1951.322978114451,4759.180057764053,28.0,28,0.3794551359780362,1.4592422246932983,0.25348201394081116,7273,,,,,4654542,
2022-07-30,79,1915.3859873744073,4316.095487078303,23.0,23,0.33077294036486554,1.3391718864440918,0.2550294101238251,6669,,,,,4104896,
2022-07-31,70,1892.9684260880717,3307.149578491574,15.0,15,0.45328637602686656,1.3189691305160522,0.30792054533958435,5359,,,,,3762025,
2022-08-01,63,1797.2397681291955,2731.89972949028,4.0,4,0.3582008421769998,1.480234146118164,0.2550294101238251,4466,,,,,2297881,
2022-08-02,24,1746.2382083849814,1019.6678491830826,,,0.3467158012732071,1.1212960481643677,0.2593594193458557,1947,,,,,1517824,
2022-08-03,67,1817.643709662265,2607.4630377292633,,,0.507720416068448,1.1485121250152588,0.25419726967811584,4263,,,,,2297871,138238
2022-08-04,36,1735.4456934905468,1407.312399506569,,,0.4639505635110493,1.4238083362579346,0.25110626220703125,2513,,,,,1352756,
2022-08-05,43,1808.562525827141,1828.9128577709198,,,0.43748785814415464,1.6135612726211548,0.26565563678741455,3277,,,,,2471058,
2022-08-06,151,2226.771366534969,6968.815305233002,13.0,13,0.4529497501402546,1.7275787591934204,0.2550294101238251,10897,,,,,7704899,514960
2022-08-07,27,1724.9427721947714,1107.6823844909668,,,0.35023465770385415,1.005595326423645,0.2550294101238251,1963,,,,,1192116,
2022-08-08,57,1788.6669066472612,2551.4265191555023,7.0,7,0.3563142683327919,1.3838331699371338,0.2550294101238251,4360,,,,,2166761,
2022-08-09,41,1781.532208046836,1511.5486429929733,,,0.39781248968188254,1.318442463874817,0.2762818932533264,2618,,,,,2057635,
2022-08-10,43,1761.314162591958,1726.7775437831879,1.0,1,0.4620314417331108,1.7180429697036743,0.2550294101238251,2985,,,,,1748406,
2022-08-11,81,1943.6564477099969,3985.7079865932465,3.0,3,0.4219023691276722,1.2214919328689575,0.2550294101238251,6363,,,,,4537285,
2022-08-12,41,1754.89861587264,1686.9773265123367,,,0.4174047683079169,1.2473962306976318,0.2494950294494629,2978,,,,,1650282,
2022-08-13,49,1730.2876500712175,1833.5086369514465,,,0.5111410804598552,1.08314049243927,0.2550294101238251,3107,,,,,1273878,
2022-08-14,76,1828.053580237412,3039.8478202819824,,,0.38162694886048865,1.141180396080017,0.2512742877006531,5250,,,,,2769170,
2022-08-15,47,1871.8461676704846,2038.6152234077454,1.0,1,0.35650928778389834,1.1762902736663818,0.2550294101238251,3394,,,,,2960016,212153
2022-08-16,94,1963.6146918772586,4547.837677717209,12.0,12,0.5270030062162372,2.1143438816070557,0.25058889389038086,7179,,,,,4360562,212605
2022-08-17,92,2029.7430194566675,4061.7277159690857,10.0,10,0.6195464129484697,1.3495253324508667,0.2550294101238251,6454,,,,,5853961,
2022-08-18,181,2350.524424426122,7804.6158618927,7.0,7,0.5689587044372753,1.5864187479019165,0.2550294101238251,12242,,,,,10760228,
2022-08-19,121,2139.682735292216,6202.1763261556625,30.0,30,0.5144813629049354,1.6658111810684204,0.26565563678741455,9390,,,,,7055385,212650
2022-08-20,37,1779.7802676460951,1672.0311836004257,2.0,2,0.4315642979792892,1.2426813840866089,0.2869080901145935,2826,,,,,2030841,
2022-08-21,54,1777.8459244104884,1914.1721057891846,,,0.48893904025191215,1.084953784942627,0.25963109731674194,3283,,,,,2001255,
2022-08-22,105,1913.1188797149846,4699.961298465729,5.0,5,0.46902687334039145,1.1960092782974243,0.2680240869522095,7588,,,,,4070222,
2022-08-23,46,1778.1642068765282,1904.8916096687317,2.0,2,0.4499202978050862,1.242786169052124,0.2550294101238251,3178,,,,,2006123,
2022-08-24,45,1717.979245668891,1677.8646545410156,,,0.40293183441269664,1.2121195793151855,0.2461249828338623,2965,,,,,1085610,
2022-08-25,115,1984.5903629929599,4508.9968357711405,1.0,1,0.4976338680335099,1.7209575176239014,0.24863110482692719,7314,,,,,4753016,181763
2022-08-26,54,1730.386387457097,2012.677848872605,,,0.3945744705298228,1.2557934522628784,0.25196367502212524,3537,,,,,1275375,
2022-08-27,59,1794.6909795751853,2483.16570854187,2.0,2,0.3583196634336997,1.3523887395858765,0.24892601370811462,3879,,,,,2258896,
2022-08-28,30,1740.8517821436176,1021.9116840362549,,,0.34460704152780985,1.046912670135498,0.2550294101238251,1818,,,,,1435440,
2022-08-29,106,2033.5517028115955,5270.654965162277,18.0,18,0.3789432102432011,1.2820448875427246,0.2550294101238251,8276,,,,,5912210,
2022-08-30,19,1727.5468605842852,769.842436671257,,,0.40167339505624305,0.9959951043128967,0.2550294101238251,1458,,,,,1231944,
2022-08-31,83,1895.8525245357537,4029.4795303344727,10.0,10,0.5792141211230142,1.41753089427948,0.26565563678741455,6496,,,,,3806136,
2022-09-01,157,2314.383002982706,6064.295096158981,,,0.4050710533589686,1.1550140380859375,0.2550294101238251,10057,,,,,10207453,
2022-09-02,155,2119.763972349146,6841.078747034073,10.0,10,0.44274728234169786,1.3889281749725342,0.24799099564552307,10830,,,,,7230805,
2022-09-03,44,1773.1433130714354,2250.331137418747,10.0,10,0.3770524223570734,1.455169439315796,0.2573804557323456,3623,,,,,1929330,
2022-09-04,35,1590.9493819045224,1547.2666699886322,2.0,2,0.3544792586146417,1.2188547849655151,0.2550294101238251,2645,,,,,2017971,
2022-09-05,,1142.8676233671008,,,,,,,,,,,,,
2022-09-06,,1647.0000244055884,,,,,,,,,,,,,
2022-09-07,76,1891.1008886178597,3501.157488822937,5.0,5,0.5293404451178233,1.3693610429763794,0.2550294101238251,5675,,,,,3733464,
2022-09-08,53,1833.8631801245424,3174.3940737247467,21.0,21,0.41050693300092933,1.4197070489285413,0.2656556606292725,4935,,,,,2858024,
2022-09-09,56,1776.5716440036774,2334.340799331665,1.0,1,0.42410418267031535,1.2134876386490054,0.2656556606292725,3942,,,,,1981765,
2022-09-10,97,2043.599931813754,5152.396454334259,27.0,27,0.4947420199169247,1.4435254537590454,0.2656556606292725,8028,,,,,6065892,
2022-09-11,117,2132.275279918007,5487.667354106903,51.0,51,0.5240893085352428,1.344429370732982,0.25502943992614746,8289,,,,1224065,5978143,60572
2022-09-12,63,1843.609828333476,3332.9137046337128,18.0,18,0.4902055379704275,1.3371042323116953,0.25502943992614746,5304,,,,,3007097,
2022-09-13,109,2015.4719370177047,5436.7333908081055,27.0,27,0.5127620112958374,1.4243853820475054,0.25502943992614746,8280,,,,,5635685,
2022-09-14,55,1843.9319614684625,2258.836711883545,4.0,4,0.38985586159842267,1.3956178402267554,0.25502943992614746,3730,,,,,2807534,90579
2022-09-15,80,1952.4642487238748,3788.893529176712,9.0,9,0.552299720174562,1.4637885922257625,0.24816478014508447,5848,,,,,4671998,
2022-09-16,179,2267.239783647964,8606.25910282135,36.0,36,0.4826072999158222,1.518266055698242,0.25502943992614746,13335,,,,,9486409,
2022-09-17,44,1773.8684922694397,1953.2687866687775,,,0.4944644534392765,1.0851946781489064,0.25502943992614746,3245,,,,,1940421,
2022-09-18,100,2049.523981198655,6169.305226325989,42.0,42,0.41781057221858536,1.5035233013049893,0.25502943992614746,9351,,,,,6156502,
2022-09-19,86,1939.3997771177158,4102.712930202484,15.0,15,0.5114169094835128,1.5353646575305167,0.25502943992614746,6374,,,,,4471789,
2022-09-20,51,1777.4766568113705,1904.177740097046,1.0,1,0.4406475373100646,1.2574864850939322,0.2656556606292725,3125,,,,,1995607,
2022-09-21,60,1861.2509807482602,2398.2961163520813,2.0,2,0.5077620511134399,1.3107049294343074,0.25502943992614746,3955,,,,,3276916,
2022-09-22,79,1901.2875118865247,3700.1093306541443,16.0,16,0.4694193690113181,1.400293956693142,0.25470594857304407,5725,,,,,3889259,
2022-09-23,59,1840.7245916284182,2620.6302942037582,10.0,10,0.4462362493864072,1.265874580179559,0.2762818972269694,4200,,,,,2962968,
2022-09-24,6,1660.6289311461642,270.19214820861816,,,0.3271927455247795,0.43877990173089526,0.2656556606292725,655,,,,,208451,
2022-09-25,35,1768.9980884376773,1551.4636083841324,4.0,4,0.37363402875323304,1.345559732469247,0.2607619730897932,2670,,,,,1865930,
2022-09-26,84,1956.0117985448444,4045.683228492737,11.0,11,0.45345721922957943,1.4288889219881327,0.25502943992614746,6327,,,,,4726257,
2022-09-27,115,2078.052576487279,5520.270854830742,19.0,19,0.5945693121061124,1.5329459771724818,0.25502943992614746,8479,,,,,6592839,
2022-09-28,112,2049.961390318105,5283.93789601326,10.0,10,0.43819563594862665,1.2809441245531223,0.2762818972269694,8424,,,,,6163193,
2022-09-29,45,1801.1442145014166,2298.4763991832733,15.0,15,0.5048647066158345,1.488782665117065,0.25502943992614746,3493,,,,,2357597,
2022-09-30,123,2065.8767975836836,5790.778820872307,19.0,19,0.5089830005878555,1.505440124756382,0.2656556606292725,9083,,,,,6406614,
2022-10-01,101,1960.6541205951294,4504.108039975166,7.0,7,0.4826894609006409,1.8238870357975683,0.25502943992614746,7027,,,,,4318857,211911
2022-10-02,137,2130.873551601534,6842.568618297577,17.0,17,0.4102830471386107,1.40472171668455,0.25447628556376084,10641,,,,,7400722,
2022-10-03,82,1949.8048528444867,4132.60221350193,10.0,10,0.619761335970337,1.3788698342171744,0.2656556606292725,6555,,,,,4631322,
2022-10-04,75,1876.5366241627867,3695.2905687093735,13.0,13,0.4662313225989329,1.3564853697438695,0.25502943992614746,5827,,,,,3510704,
2022-10-05,149,2191.746060980917,7528.466539025307,40.0,40,0.5536648898926271,1.3811576291651013,0.25409944451219224,11468,,,,,8331751,
2022-10-06,103,2038.6117574321731,5618.544146895409,24.0,24,0.4943331735444214,1.353844296442346,0.25502943992614746,8659,,,,,5989602,
2022-10-07,132,2152.272025898699,6519.2804117798805,24.0,24,0.5510662375817313,1.470847993911967,0.25502943992614746,10074,,,,,7728006,
2022-10-08,11,1679.0692543566897,392.3236985206604,,,0.36556688616954724,0.9922547325942234,0.25502943992614746,768,,,,,490491,
2022-10-09,169,2220.7421085167684,9022.979042053223,62.0,62,0.5011640243525486,1.5050285176126283,0.25502943992614746,13781,,,,,8775240,
2022-10-10,126,2077.5893816348052,6360.175758123398,37.0,37,0.4765638697172706,1.405226260388275,0.25502943992614746,9745,,,,,6585754,
2022-10-11,99,1936.0204887831512,4499.449612855911,13.0,13,0.4995437378669553,1.9111787258582102,0.2762818972269694,7049,,,,,4406164,
2022-10-12,92,1978.1807055407826,4347.125861406326,19.0,19,0.5921814403388522,1.3425222001162855,0.2762818972269694,6708,,,,,5065321,
2022-10-13,131,2097.1322489939407,6647.395212888718,28.0,28,0.5857050069022577,1.3450701436615327,0.2656556606292725,10102,,,,,6884656,
2022-10-14,117,2108.7200211734257,5815.541278839111,26.0,26,0.4589773333278146,1.7677651082036892,0.25502943992614746,8814,,,,,6991533,31165
2022-10-15,86,1901.5267620128357,3980.0385380983353,10.0,10,0.4293916174604079,1.3647161361968767,0.25502943992614746,6537,,,,,3892921,
2022-10-16,111,2101.3801080418984,6405.7381591796875,46.0,46,0.49528849153476967,1.5692857996408842,0.2656556606292725,9772,,,,,6949627,
2022-10-17,73,1899.1529690030175,3508.410719037056,12.0,12,0.5127136006122127,1.3294140171058855,0.2867825805323828,5420,,,,,3856616,
2022-10-18,76,1909.6181969477627,4297.0945365428925,19.0,19,0.4235195030075287,1.3759929507531539,0.24929492606357648,6688,,,,,4016678,
2022-10-19,141,2211.741832471079,8269.58945367927,59.0,59,0.579270424350791,1.446824121049553,0.26547373358786974,12255,,,,,8637580,
2022-10-20,55,1839.5301502003988,2673.887182928572,16.0,16,0.4825494078202022,1.4204218326016183,0.25502944516040793,4163,,,,,2944700,
2022-10-21,90,1992.5574522684683,4765.252134033275,15.0,15,0.5788106291199379,1.5501160432361878,0.28690812580545894,7501,,,,,4973203,138206
2022-10-22,71,1835.0905237232223,3262.737886382197,12.0,12,0.4786892443124238,1.3463820141879699,0.2656556720420916,5127,,,,,2876795,
2022-10-23,71,1964.3808323210542,3673.1483412649504,7.0,7,0.5831559373297976,1.4483509572453224,0.25502944516040793,5971,,,,,4854260,
2022-10-24,51,1842.0283530566523,3149.5977529552842,17.0,17,0.474690213935841,1.6585039167761608,0.25502944516040793,4923,,,,,2982909,
2022-10-25,83,1905.4305894059314,3982.459293993422,16.0,16,0.5101795473535714,1.6725967751467739,0.2632586116579691,6070,,,,,3612277,150760
2022-10-26,78,1890.7055603974666,3395.098356877315,9.0,9,0.4644057602357044,1.2566919781226544,0.25143003595176666,5393,,,,,3509518,96518
2022-10-27,162,2260.3578484625114,8745.174155008854,35.0,35,0.5726526499463,1.6230246620259239,0.25502944516040793,13438,,,,,9381152,
2022-10-28,134,2169.330510667085,6744.278503932354,14.0,14,0.6197827067651465,1.4702760928913419,0.25502944516040793,10514,,,,,7988912,
2022-10-29,30,1754.8612322844533,1704.523932570387,4.0,4,0.5452531421965862,1.3282208905184316,0.2656556720420916,2857,,,,,1649710,
2022-10-30,18,1705.7385160391716,832.9065865660981,3.0,3,0.40482872860361835,1.2965226189688346,0.25502944516040793,1566,,,,,898390,
2022-10-31,129,2148.7968603978925,5928.871522917712,10.0,10,0.5171550010682002,1.5619344181250105,0.25502944516040793,9368,,,,,7674856,
2022-11-01,74,1901.2053455075609,3995.3459616027126,19.0,19,0.47049725409564025,1.5129915448809745,0.25502944516040793,6100,,,,,3751170,60612
2022-11-02,139,2188.071553206506,6631.523327947603,15.0,15,0.42031070257857356,1.5461214410406996,0.25502944516040793,10321,,,,,8275550,
2022-11-03,89,2001.2838605917652,4582.264208525612,15.0,15,0.5687852127670655,1.5026566554770862,0.2656556720420916,7009,,,,,5418680,
2022-11-04,71,1888.3725828743186,3204.7126183199907,2.0,2,0.44055011250643067,1.2337993773509954,0.2762818989237753,5133,,,,,3691731,
2022-11-05,88,1980.975110643204,4083.7764504566985,,,0.4371903358963653,1.3692640084573495,0.25502944516040793,6568,,,,,5108063,
2022-11-06,,30.978093468335313,,,,,,,23,,,,,,
